goalie_id,player_name,team,hex_q,hex_r,hex_x,hex_y,shots,goals,xg_sum,irt_xg_sum,deviation,dev_per_shot
8475809,Scott Wedgewood,COL,1,-1,22.5,-12.99,1,0,0.024720466,0.03852871543195727,0.0385,0.0385
8475809,Scott Wedgewood,COL,2,-2,45.0,-25.98,1,0,0.034440387,0.04784264813166532,0.0478,0.0478
8475809,Scott Wedgewood,COL,2,-1,45.0,0.0,1,0,0.057282258,0.06679828657936893,0.0668,0.0668
8475809,Scott Wedgewood,COL,2,0,45.0,25.98,1,0,0.04270147,0.05420162841402987,0.0542,0.0542
8475809,Scott Wedgewood,COL,3,-2,67.5,-12.99,3,1,0.5492447899999999,0.4365467525478265,-0.5635,-0.1878
8475809,Scott Wedgewood,COL,4,-2,90.0,0.0,1,0,0.14003363,0.12019374700150573,0.1202,0.1202
8475883,Frederik Andersen,CAR,1,-1,22.5,-12.99,1,0,0.0516828,0.06273401234791477,0.0627,0.0627
8475883,Frederik Andersen,CAR,2,0,45.0,25.98,1,0,0.0337987,0.04750130844193141,0.0475,0.0475
8475883,Frederik Andersen,CAR,3,-3,67.5,-38.97,2,0,0.151608337,0.15091810867870964,0.1509,0.0754
8475883,Frederik Andersen,CAR,3,-2,67.5,-12.99,3,0,0.49500897,0.4035560708286406,0.4036,0.1345
8475883,Frederik Andersen,CAR,3,-1,67.5,12.99,2,0,0.36688468,0.29056309077870013,0.2906,0.1453
8475883,Frederik Andersen,CAR,4,-2,90.0,0.0,4,0,0.737534526,0.578058277882421,0.5781,0.1445
8476883,Andrei Vasilevskiy,TBL,1,0,22.5,12.99,1,0,0.045278214,0.05666811258086427,0.0567,0.0567
8476883,Andrei Vasilevskiy,TBL,2,-2,45.0,-25.98,1,0,0.08062676,0.08274550425627482,0.0827,0.0827
8476883,Andrei Vasilevskiy,TBL,2,-1,45.0,0.0,2,0,0.17934468399999998,0.1725618288534274,0.1726,0.0863
8476883,Andrei Vasilevskiy,TBL,2,0,45.0,25.98,3,1,0.109901365,0.14746536654521714,-0.8525,-0.2842
8476883,Andrei Vasilevskiy,TBL,3,-2,67.5,-12.99,3,0,0.205832198,0.21848243608925194,0.2185,0.0728
8476883,Andrei Vasilevskiy,TBL,3,-1,67.5,12.99,2,1,0.40564973,0.31176907896107997,-0.6882,-0.3441
8476883,Andrei Vasilevskiy,TBL,3,0,67.5,38.97,1,0,0.030704582,0.04415961802581521,0.0442,0.0442
8476883,Andrei Vasilevskiy,TBL,4,-3,90.0,-25.98,1,0,0.035712413,0.048383761831551846,0.0484,0.0484
8476883,Andrei Vasilevskiy,TBL,4,-2,90.0,0.0,4,0,0.640288295,0.5264145136449301,0.5264,0.1316
8476914,Joonas Korpisalo,BOS,2,-1,45.0,0.0,2,0,0.15122137000000002,0.1608463813805003,0.1608,0.0804
8476914,Joonas Korpisalo,BOS,3,-1,67.5,12.99,1,0,0.011572889,0.02363430963149157,0.0236,0.0236
8476999,Linus Ullmark,OTT,2,-2,45.0,-25.98,1,0,0.030056657,0.04258015899187104,0.0426,0.0426
8476999,Linus Ullmark,OTT,2,-1,45.0,0.0,2,0,0.09184932000000001,0.1123524207637633,0.1124,0.0562
8476999,Linus Ullmark,OTT,3,-3,67.5,-38.97,2,0,0.17776639,0.17437186710820313,0.1744,0.0872
8476999,Linus Ullmark,OTT,3,-2,67.5,-12.99,1,0,0.18512097,0.143783127866506,0.1438,0.1438
8476999,Linus Ullmark,OTT,3,-1,67.5,12.99,4,0,0.64818628,0.5168208553119248,0.5168,0.1292
8476999,Linus Ullmark,OTT,3,0,67.5,38.97,1,0,0.020876423,0.03362322856657355,0.0336,0.0336
8476999,Linus Ullmark,OTT,4,-2,90.0,0.0,3,0,0.31378311999999997,0.288385516903378,0.2884,0.0961
8476999,Linus Ullmark,OTT,4,-1,90.0,25.98,1,1,0.121982135,0.10799720290741487,-0.892,-0.892
8477465,Tristan Jarry,EDM,3,-1,67.5,12.99,1,0,0.02132209,0.035295493749118695,0.0353,0.0353
8478024,Ville Husso,ANA,3,-1,67.5,12.99,1,0,0.105995774,0.09939144139881693,0.0994,0.0994
8478024,Ville Husso,ANA,3,0,67.5,38.97,1,0,0.06999707,0.07546666581684591,0.0755,0.0755
8478435,Dan Vladar,PHI,1,0,22.5,12.99,2,0,0.087617154,0.11305528799514819,0.1131,0.0566
8478435,Dan Vladar,PHI,2,-2,45.0,-25.98,3,0,0.175128874,0.20171638039958767,0.2017,0.0672
8478435,Dan Vladar,PHI,2,-1,45.0,0.0,3,0,0.164498118,0.19561480344811916,0.1956,0.0652
8478435,Dan Vladar,PHI,2,0,45.0,25.98,2,0,0.075628567,0.0911574653127426,0.0912,0.0456
8478435,Dan Vladar,PHI,3,-2,67.5,-12.99,3,0,0.273486091,0.26027919080929945,0.2603,0.0868
8478435,Dan Vladar,PHI,3,-1,67.5,12.99,6,0,0.593537924,0.5727788940791227,0.5728,0.0955
8478435,Dan Vladar,PHI,4,-2,90.0,0.0,6,0,0.905421345,0.7703468339446252,0.7703,0.1284
8478435,Dan Vladar,PHI,4,-1,90.0,25.98,2,0,0.205058716,0.199316626744022,0.1993,0.0996
8478872,Karel Vejmelka,UTA,2,-1,45.0,0.0,4,0,0.221622712,0.26122278218606065,0.2612,0.0653
8478872,Karel Vejmelka,UTA,2,0,45.0,25.98,2,0,0.09568600299999999,0.11821961678413268,0.1182,0.0591
8478872,Karel Vejmelka,UTA,3,-2,67.5,-12.99,2,1,0.40676745000000003,0.316376906571771,-0.6836,-0.3418
8478872,Karel Vejmelka,UTA,4,-2,90.0,0.0,3,0,0.42132304,0.3619836736253264,0.362,0.1207
8478971,Connor Ingram,EDM,2,-2,45.0,-25.98,1,0,0.3596732,0.23862479538429454,0.2386,0.2386
8478971,Connor Ingram,EDM,2,-1,45.0,0.0,1,0,0.047058757,0.05875110305719778,0.0588,0.0588
8478971,Connor Ingram,EDM,2,0,45.0,25.98,1,1,0.023184903,0.03696426010677867,-0.963,-0.963
8478971,Connor Ingram,EDM,3,-2,67.5,-12.99,2,0,0.123311914,0.13877045776756985,0.1388,0.0694
8478971,Connor Ingram,EDM,3,-1,67.5,12.99,1,0,0.067489155,0.07419653558375354,0.0742,0.0742
8478971,Connor Ingram,EDM,3,0,67.5,38.97,1,0,0.0438375,0.05621260879821333,0.0562,0.0562
8478971,Connor Ingram,EDM,4,-2,90.0,0.0,4,0,0.580310145,0.4906430185214452,0.4906,0.1226
8479312,Alex Lyon,BUF,1,-2,22.5,-38.97,1,0,0.025955923,0.03892851097577515,0.0389,0.0389
8479312,Alex Lyon,BUF,1,-1,22.5,-12.99,1,0,0.03790379,0.05016151563879576,0.0502,0.0502
8479312,Alex Lyon,BUF,1,0,22.5,12.99,1,0,0.04577722,0.05683425654998925,0.0568,0.0568
8479312,Alex Lyon,BUF,2,-3,45.0,-51.96,1,0,0.020001302,0.03316220191229731,0.0332,0.0332
8479312,Alex Lyon,BUF,2,-2,45.0,-25.98,4,0,0.26375831299999997,0.2839721641653455,0.284,0.071
8479312,Alex Lyon,BUF,2,-1,45.0,0.0,3,0,0.255360857,0.2509167828120502,0.2509,0.0836
8479312,Alex Lyon,BUF,2,0,45.0,25.98,2,0,0.077737307,0.10236795134939505,0.1024,0.0512
8479312,Alex Lyon,BUF,3,-2,67.5,-12.99,2,0,0.255605246,0.2214114650499527,0.2214,0.1107
8479312,Alex Lyon,BUF,3,-1,67.5,12.99,4,1,0.55055112,0.4721273764478637,-0.5279,-0.132
8479312,Alex Lyon,BUF,3,0,67.5,38.97,1,0,0.08413709,0.08563610324295937,0.0856,0.0856
8479312,Alex Lyon,BUF,4,-2,90.0,0.0,6,2,1.03396691,0.8298316361797369,-1.1702,-0.195
8479312,Alex Lyon,BUF,4,-1,90.0,25.98,1,0,0.06620622,0.0723543035817688,0.0724,0.0724
8479394,Carter Hart,VGK,2,-2,45.0,-25.98,2,0,0.094557634,0.11058527260526513,0.1106,0.0553
8479394,Carter Hart,VGK,2,-1,45.0,0.0,1,0,0.03089859,0.043925704715623036,0.0439,0.0439
8479394,Carter Hart,VGK,2,0,45.0,25.98,2,0,0.137413546,0.1469319233272291,0.1469,0.0734
8479394,Carter Hart,VGK,2,1,45.0,51.96,1,0,0.018378716,0.03119064187171203,0.0312,0.0312
8479394,Carter Hart,VGK,3,-3,67.5,-38.97,1,0,0.13044114,0.11377077326710237,0.1138,0.1138
8479394,Carter Hart,VGK,3,-2,67.5,-12.99,3,0,0.32024601,0.2888031240289225,0.2888,0.0963
8479394,Carter Hart,VGK,3,-1,67.5,12.99,10,0,1.393237982,1.1664453771894576,1.1664,0.1166
8479394,Carter Hart,VGK,3,0,67.5,38.97,2,0,0.07672199199999999,0.10022112190394301,0.1002,0.0501
8479394,Carter Hart,VGK,4,-3,90.0,-25.98,1,0,0.045149777,0.0562595572401978,0.0563,0.0563
8479394,Carter Hart,VGK,4,-2,90.0,0.0,5,0,0.674092959,0.5780229995092512,0.578,0.1156
8479394,Carter Hart,VGK,4,-1,90.0,25.98,1,0,0.024569493,0.0372649063752458,0.0373,0.0373
8479973,Stuart Skinner,PIT,1,-1,22.5,-12.99,1,0,0.040796224,0.0539753410006591,0.054,0.054
8479973,Stuart Skinner,PIT,1,0,22.5,12.99,1,0,0.5171229,0.3248209855308832,0.3248,0.3248
8479973,Stuart Skinner,PIT,2,-1,45.0,0.0,1,0,0.11142523,0.10384981685592337,0.1038,0.1038
8479973,Stuart Skinner,PIT,3,-2,67.5,-12.99,2,0,0.23160943,0.20250524414571527,0.2025,0.1013
8479973,Stuart Skinner,PIT,4,-2,90.0,0.0,1,0,0.10314464,0.0986274430510195,0.0986,0.0986
8479973,Stuart Skinner,PIT,4,-1,90.0,25.98,1,0,0.034167837,0.04796570386765796,0.048,0.048
8479979,Jake Oettinger,DAL,2,-2,45.0,-25.98,2,1,0.134950634,0.14658197831489878,-0.8534,-0.4267
8479979,Jake Oettinger,DAL,2,-1,45.0,0.0,1,0,0.034110002,0.046936978006224706,0.0469,0.0469
8479979,Jake Oettinger,DAL,2,0,45.0,25.98,2,0,0.11436949,0.13158362290432296,0.1316,0.0658
8479979,Jake Oettinger,DAL,3,-3,67.5,-38.97,1,0,0.019400153,0.032438598896482235,0.0324,0.0324
8479979,Jake Oettinger,DAL,3,-2,67.5,-12.99,2,0,0.23890959,0.21317513682208328,0.2132,0.1066
8479979,Jake Oettinger,DAL,3,-1,67.5,12.99,2,0,0.26743861,0.23356885967523727,0.2336,0.1168
8479979,Jake Oettinger,DAL,4,-2,90.0,0.0,5,0,0.595907365,0.528747597656728,0.5287,0.1057
8480045,Ukko-Pekka Luukkonen,BUF,2,-3,45.0,-51.96,1,0,0.01901409,0.03279729166738744,0.0328,0.0328
8480045,Ukko-Pekka Luukkonen,BUF,2,-1,45.0,0.0,4,1,0.423994666,0.3870470618130241,-0.613,-0.1532
8480045,Ukko-Pekka Luukkonen,BUF,2,0,45.0,25.98,2,0,0.066847638,0.09496205674310619,0.095,0.0475
8480045,Ukko-Pekka Luukkonen,BUF,3,-3,67.5,-38.97,1,0,0.10963116,0.103900266897617,0.1039,0.1039
8480045,Ukko-Pekka Luukkonen,BUF,3,-2,67.5,-12.99,6,1,0.650368581,0.5887395470254883,-0.4113,-0.0686
8480045,Ukko-Pekka Luukkonen,BUF,3,-1,67.5,12.99,2,0,0.232003444,0.20865161105904262,0.2087,0.1044
8480045,Ukko-Pekka Luukkonen,BUF,4,-2,90.0,0.0,1,0,0.104008034,0.09967603517209861,0.0997,0.0997
8480280,Jeremy Swayman,BOS,1,-1,22.5,-12.99,1,0,0.03258577,0.046322121728406856,0.0463,0.0463
8480280,Jeremy Swayman,BOS,2,-2,45.0,-25.98,2,0,0.15128917,0.16021611802321006,0.1602,0.0801
8480280,Jeremy Swayman,BOS,2,-1,45.0,0.0,4,0,0.223281213,0.2613482125847251,0.2613,0.0653
8480280,Jeremy Swayman,BOS,2,0,45.0,25.98,1,0,0.030564645,0.04442171377357206,0.0444,0.0444
8480280,Jeremy Swayman,BOS,3,-3,67.5,-38.97,1,0,0.03232985,0.04594298522988738,0.0459,0.0459
8480280,Jeremy Swayman,BOS,3,-1,67.5,12.99,1,0,0.13025695,0.1148427791680167,0.1148,0.1148
8480280,Jeremy Swayman,BOS,3,0,67.5,38.97,2,0,0.099548616,0.11962853698006601,0.1196,0.0598
8480280,Jeremy Swayman,BOS,4,-3,90.0,-25.98,1,0,0.020798381,0.034497549835372836,0.0345,0.0345
8480280,Jeremy Swayman,BOS,4,-2,90.0,0.0,9,0,1.047827965,0.9582650289584353,0.9583,0.1065
8480280,Jeremy Swayman,BOS,4,-1,90.0,25.98,1,0,0.08744629,0.08848129400672931,0.0885,0.0885
8480843,Lukas Dostal,ANA,2,-1,45.0,0.0,7,1,0.468057294,0.5166118577166723,-0.4834,-0.0691
8480843,Lukas Dostal,ANA,2,0,45.0,25.98,1,0,0.085748896,0.08846046268898036,0.0885,0.0885
8480843,Lukas Dostal,ANA,3,-3,67.5,-38.97,1,1,0.081385575,0.08534818363071041,-0.9147,-0.9147
8480843,Lukas Dostal,ANA,3,-2,67.5,-12.99,3,1,0.528382696,0.4250807423465581,-0.5749,-0.1916
8480843,Lukas Dostal,ANA,3,-1,67.5,12.99,5,1,0.498666392,0.4763205305091284,-0.5237,-0.1047
8480843,Lukas Dostal,ANA,3,0,67.5,38.97,1,0,0.026033504,0.04042225081109945,0.0404,0.0404
8480843,Lukas Dostal,ANA,4,-2,90.0,0.0,7,3,1.31808164,1.0390155023783472,-1.961,-0.2801
8480843,Lukas Dostal,ANA,4,-1,90.0,25.98,2,0,0.160741958,0.16069028986110248,0.1607,0.0804
8481668,Arturs Silovs,PIT,1,-1,22.5,-12.99,1,0,0.05465305,0.06418894208953543,0.0642,0.0642
8481668,Arturs Silovs,PIT,1,0,22.5,12.99,1,0,0.020777581,0.033958931138769084,0.034,0.034
8481668,Arturs Silovs,PIT,2,-2,45.0,-25.98,2,0,0.20208063199999998,0.18349857500335007,0.1835,0.0918
8481668,Arturs Silovs,PIT,2,0,45.0,25.98,1,0,0.033825457,0.046865427870720545,0.0469,0.0469
8481668,Arturs Silovs,PIT,3,-2,67.5,-12.99,1,0,0.18168694,0.14346056585509387,0.1435,0.1435
8481668,Arturs Silovs,PIT,3,-1,67.5,12.99,1,0,0.06769361,0.0738246504107343,0.0738,0.0738
8481668,Arturs Silovs,PIT,4,-2,90.0,0.0,3,0,0.54365665,0.4277285526222184,0.4277,0.1426
8482487,Jakub Dobes,MTL,1,0,22.5,12.99,2,1,0.061107512,0.08742454494710568,-0.9126,-0.4563
8482487,Jakub Dobes,MTL,2,-2,45.0,-25.98,2,2,0.143007308,0.15262826879128072,-1.8474,-0.9237
8482487,Jakub Dobes,MTL,2,-1,45.0,0.0,1,0,0.0055656163,0.014546042424061222,0.0145,0.0145
8482487,Jakub Dobes,MTL,2,0,45.0,25.98,2,0,0.15120304,0.15788001798616194,0.1579,0.079
8482487,Jakub Dobes,MTL,3,-3,67.5,-38.97,1,0,0.027037071,0.04056080510281472,0.0406,0.0406
8482487,Jakub Dobes,MTL,3,-2,67.5,-12.99,2,0,0.4410833,0.32884517928462464,0.3288,0.1644
8482487,Jakub Dobes,MTL,3,-1,67.5,12.99,3,0,0.319509597,0.27472528088941933,0.2747,0.0916
8482487,Jakub Dobes,MTL,3,0,67.5,38.97,2,0,0.082290395,0.10391364136072576,0.1039,0.052
8482487,Jakub Dobes,MTL,4,-2,90.0,0.0,5,0,0.558970961,0.4995293782510287,0.4995,0.0999
8482661,Jesper Wallstedt,MIN,1,0,22.5,12.99,1,0,0.024714798,0.03841840421933251,0.0384,0.0384
8482661,Jesper Wallstedt,MIN,2,-2,45.0,-25.98,1,0,0.11712771,0.10789982352055279,0.1079,0.1079
8482661,Jesper Wallstedt,MIN,2,-1,45.0,0.0,1,0,0.03883826,0.05189199822853324,0.0519,0.0519
8482661,Jesper Wallstedt,MIN,3,-2,67.5,-12.99,6,2,0.87882954,0.7372135529304822,-1.2628,-0.2105
8482661,Jesper Wallstedt,MIN,3,-1,67.5,12.99,2,1,0.15584676,0.1628244940958337,-0.8372,-0.4186
8482661,Jesper Wallstedt,MIN,4,-2,90.0,0.0,8,1,1.069439585,0.9256406639098005,-0.0744,-0.0093
8483548,Brandon Bussi,CAR,3,-2,67.5,-12.99,1,0,0.13531083,0.12160784209537216,0.1216,0.1216
8483548,Brandon Bussi,CAR,3,-1,67.5,12.99,1,0,0.13772383,0.12096371778850906,0.121,0.121
8483548,Brandon Bussi,CAR,4,-1,90.0,25.98,2,0,0.160001859,0.1628208917589069,0.1628,0.0814
