goalie_id,player_name,team,hex_q,hex_r,hex_x,hex_y,shots,goals,xg_sum,irt_xg_sum,deviation,dev_per_shot
8471734,Jonathan Quick,NYR,1,-1,22.5,-12.99,1,0,0.058713786,0.06844710493050554,0.0684,0.0684
8471734,Jonathan Quick,NYR,1,0,22.5,12.99,1,0,0.03122782,0.04538622872872815,0.0454,0.0454
8471734,Jonathan Quick,NYR,2,-2,45.0,-25.98,3,0,0.13447541100000002,0.16856610246071482,0.1686,0.0562
8471734,Jonathan Quick,NYR,2,-1,45.0,0.0,7,0,0.373434199,0.4434812605020267,0.4435,0.0634
8471734,Jonathan Quick,NYR,2,0,45.0,25.98,3,0,0.14494663,0.179926174371247,0.1799,0.06
8471734,Jonathan Quick,NYR,3,-3,67.5,-38.97,3,0,0.224833346,0.23575464144792146,0.2358,0.0786
8471734,Jonathan Quick,NYR,3,-2,67.5,-12.99,17,1,2.146714787,1.8982584477331248,0.8983,0.0528
8471734,Jonathan Quick,NYR,3,-1,67.5,12.99,3,0,0.320169334,0.3033948340142879,0.3034,0.1011
8471734,Jonathan Quick,NYR,3,0,67.5,38.97,2,0,0.064479004,0.09094432636143823,0.0909,0.0454
8471734,Jonathan Quick,NYR,4,-2,90.0,0.0,10,2,1.32584934,1.1531438731645312,-0.8469,-0.0847
8471734,Jonathan Quick,NYR,4,-1,90.0,25.98,1,0,0.12116597,0.11028921054163689,0.1103,0.1103
8473503,James Reimer,OTT,2,-2,45.0,-25.98,1,0,0.07176247,0.07804203751708773,0.078,0.078
8473503,James Reimer,OTT,2,-1,45.0,0.0,2,0,0.136816814,0.151019506269571,0.151,0.0755
8473503,James Reimer,OTT,3,-3,67.5,-38.97,1,0,0.028710682,0.04297438503249973,0.043,0.043
8473503,James Reimer,OTT,3,-2,67.5,-12.99,1,0,0.097232796,0.09529663997083929,0.0953,0.0953
8473503,James Reimer,OTT,3,-1,67.5,12.99,2,0,0.29133073,0.24731496535528014,0.2473,0.1236
8473503,James Reimer,OTT,3,0,67.5,38.97,1,0,0.03948084,0.052858932748881,0.0529,0.0529
8473503,James Reimer,OTT,4,-2,90.0,0.0,4,2,0.6524809549999999,0.5342491203720039,-1.4658,-0.3664
8473503,James Reimer,OTT,4,-1,90.0,25.98,1,0,0.15203363,0.12846866119027034,0.1285,0.1285
8474593,Jacob Markstrom,NJD,1,-1,22.5,-12.99,1,0,0.029519169,0.0437568240172487,0.0438,0.0438
8474593,Jacob Markstrom,NJD,2,-2,45.0,-25.98,4,0,0.290130851,0.31315282761231594,0.3132,0.0783
8474593,Jacob Markstrom,NJD,2,-1,45.0,0.0,9,1,0.871889565,0.814805188299746,-0.1852,-0.0206
8474593,Jacob Markstrom,NJD,2,0,45.0,25.98,2,0,0.094096353,0.11563741961634455,0.1156,0.0578
8474593,Jacob Markstrom,NJD,3,-3,67.5,-38.97,1,0,0.11276558,0.1051336522088081,0.1051,0.1051
8474593,Jacob Markstrom,NJD,3,-2,67.5,-12.99,16,2,2.039733031,1.775011947202401,-0.225,-0.0141
8474593,Jacob Markstrom,NJD,3,-1,67.5,12.99,21,2,2.357844462,2.1498085187778773,0.1498,0.0071
8474593,Jacob Markstrom,NJD,3,0,67.5,38.97,4,1,0.173658174,0.2197377089291288,-0.7803,-0.1951
8474593,Jacob Markstrom,NJD,4,-3,90.0,-25.98,1,0,0.052202597,0.06339683768723627,0.0634,0.0634
8474593,Jacob Markstrom,NJD,4,-2,90.0,0.0,18,4,2.133861356,1.9141247855979944,-2.0859,-0.1159
8474593,Jacob Markstrom,NJD,4,-1,90.0,25.98,4,0,0.360662163,0.35262234123089287,0.3526,0.0882
8474596,Jake Allen,NJD,1,-2,22.5,-38.97,1,0,0.24451923,0.17871636187216067,0.1787,0.1787
8474596,Jake Allen,NJD,1,-1,22.5,-12.99,2,0,0.104223037,0.12588612001220018,0.1259,0.063
8474596,Jake Allen,NJD,1,0,22.5,12.99,1,0,0.041368738,0.05448918708667207,0.0545,0.0545
8474596,Jake Allen,NJD,1,1,22.5,38.97,2,0,0.292935728,0.2312870113192152,0.2313,0.1156
8474596,Jake Allen,NJD,2,-3,45.0,-51.96,1,0,0.031844564,0.045966675367007104,0.046,0.046
8474596,Jake Allen,NJD,2,-2,45.0,-25.98,3,0,0.22733664,0.2411672995901787,0.2412,0.0804
8474596,Jake Allen,NJD,2,-1,45.0,0.0,12,0,0.745075083,0.8394832444511616,0.8395,0.07
8474596,Jake Allen,NJD,2,0,45.0,25.98,9,0,0.429549458,0.5208202463361538,0.5208,0.0579
8474596,Jake Allen,NJD,3,-2,67.5,-12.99,11,3,1.445028235,1.2523736408786161,-1.7476,-0.1589
8474596,Jake Allen,NJD,3,-1,67.5,12.99,15,1,1.717796631,1.5538389833662867,0.5538,0.0369
8474596,Jake Allen,NJD,3,0,67.5,38.97,1,0,0.07833858,0.08265958350393315,0.0827,0.0827
8474596,Jake Allen,NJD,4,-2,90.0,0.0,27,4,4.272550894,3.5289280744995075,-0.4711,-0.0174
8474596,Jake Allen,NJD,4,-1,90.0,25.98,2,0,0.22719612,0.19778569282174538,0.1978,0.0989
8475311,Darcy Kuemper,LAK,1,-1,22.5,-12.99,1,0,0.024002455,0.03825322866106229,0.0383,0.0383
8475311,Darcy Kuemper,LAK,1,0,22.5,12.99,1,0,0.024202386,0.038459969047941134,0.0385,0.0385
8475311,Darcy Kuemper,LAK,1,1,22.5,38.97,1,0,0.020539656,0.034569794884452776,0.0346,0.0346
8475311,Darcy Kuemper,LAK,2,-2,45.0,-25.98,4,0,0.148511568,0.19859887113168395,0.1986,0.0496
8475311,Darcy Kuemper,LAK,2,-1,45.0,0.0,7,0,0.525633404,0.5349045633476159,0.5349,0.0764
8475311,Darcy Kuemper,LAK,2,0,45.0,25.98,3,0,0.07253274600000001,0.11456757371320496,0.1146,0.0382
8475311,Darcy Kuemper,LAK,3,-3,67.5,-38.97,1,0,0.026950913,0.04124409919378235,0.0412,0.0412
8475311,Darcy Kuemper,LAK,3,-2,67.5,-12.99,11,1,1.220017277,1.1001574907592884,0.1002,0.0091
8475311,Darcy Kuemper,LAK,3,-1,67.5,12.99,9,2,0.89963262,0.8464006482332468,-1.1536,-0.1282
8475311,Darcy Kuemper,LAK,3,0,67.5,38.97,4,0,0.20068644900000002,0.2456022837208068,0.2456,0.0614
8475311,Darcy Kuemper,LAK,4,-3,90.0,-25.98,2,0,0.09640574,0.12019992258307066,0.1202,0.0601
8475311,Darcy Kuemper,LAK,4,-2,90.0,0.0,16,5,2.059319153,1.8075567914210653,-3.1924,-0.1995
8475660,Cam Talbot,DET,1,-2,22.5,-38.97,1,0,0.025624413,0.0399135238616575,0.0399,0.0399
8475660,Cam Talbot,DET,1,-1,22.5,-12.99,2,0,0.089462847,0.113418807351332,0.1134,0.0567
8475660,Cam Talbot,DET,2,-2,45.0,-25.98,2,0,0.061738809000000006,0.08938692584996806,0.0894,0.0447
8475660,Cam Talbot,DET,2,-1,45.0,0.0,6,0,0.345638579,0.4015364990590377,0.4015,0.0669
8475660,Cam Talbot,DET,2,0,45.0,25.98,1,0,0.03359775,0.04759568793085887,0.0476,0.0476
8475660,Cam Talbot,DET,3,-3,67.5,-38.97,1,0,0.11892334,0.10892295871034846,0.1089,0.1089
8475660,Cam Talbot,DET,3,-2,67.5,-12.99,8,1,1.042884897,0.9102421497408003,-0.0898,-0.0112
8475660,Cam Talbot,DET,3,-1,67.5,12.99,10,1,1.034194746,0.9600761850194495,-0.0399,-0.004
8475660,Cam Talbot,DET,3,0,67.5,38.97,2,0,0.11260418,0.13199941880010693,0.132,0.066
8475660,Cam Talbot,DET,4,-3,90.0,-25.98,1,0,0.018077355,0.03181597164130241,0.0318,0.0318
8475660,Cam Talbot,DET,4,-2,90.0,0.0,6,1,0.7870434,0.6826967070618281,-0.3173,-0.0529
8475683,Sergei Bobrovsky,FLA,1,-1,22.5,-12.99,3,0,0.13416853,0.17169733690786784,0.1717,0.0572
8475683,Sergei Bobrovsky,FLA,1,0,22.5,12.99,3,0,0.08558458099999999,0.1263082657702612,0.1263,0.0421
8475683,Sergei Bobrovsky,FLA,2,-2,45.0,-25.98,5,0,0.26850248499999996,0.317549585773595,0.3175,0.0635
8475683,Sergei Bobrovsky,FLA,2,-1,45.0,0.0,3,0,0.192358434,0.21656810650926436,0.2166,0.0722
8475683,Sergei Bobrovsky,FLA,2,0,45.0,25.98,3,0,0.143538135,0.17857149203372216,0.1786,0.0595
8475683,Sergei Bobrovsky,FLA,3,-3,67.5,-38.97,2,0,0.166581194,0.16367430283477302,0.1637,0.0819
8475683,Sergei Bobrovsky,FLA,3,-2,67.5,-12.99,12,0,1.506126799,1.310891959358155,1.3109,0.1092
8475683,Sergei Bobrovsky,FLA,3,-1,67.5,12.99,10,2,1.060011277,0.9900695294030157,-1.0099,-0.101
8475683,Sergei Bobrovsky,FLA,3,0,67.5,38.97,5,0,0.244575983,0.2955365540006833,0.2955,0.0591
8475683,Sergei Bobrovsky,FLA,4,-2,90.0,0.0,15,2,1.923691056,1.6943396238924138,-0.3057,-0.0204
8475683,Sergei Bobrovsky,FLA,4,-1,90.0,25.98,4,0,0.360630628,0.3545971146591932,0.3546,0.0887
8475717,Calvin Pickard,EDM,2,-1,45.0,0.0,3,0,0.140520364,0.17720703824512452,0.1772,0.0591
8475717,Calvin Pickard,EDM,2,0,45.0,25.98,1,0,0.033350434,0.04736771372521479,0.0474,0.0474
8475717,Calvin Pickard,EDM,3,-2,67.5,-12.99,10,2,1.1599899169999999,1.022607064092098,-0.9774,-0.0977
8475717,Calvin Pickard,EDM,3,-1,67.5,12.99,8,0,1.180484719,0.9724970100514188,0.9725,0.1216
8475717,Calvin Pickard,EDM,3,0,67.5,38.97,2,0,0.17463613,0.17651076030045368,0.1765,0.0882
8475717,Calvin Pickard,EDM,4,-3,90.0,-25.98,1,0,0.026887154,0.04118067764682647,0.0412,0.0412
8475717,Calvin Pickard,EDM,4,-2,90.0,0.0,5,1,0.825940396,0.6680527258188255,-0.3319,-0.0664
8475809,Scott Wedgewood,COL,1,-2,22.5,-38.97,1,0,0.016831541,0.030372475607555533,0.0304,0.0304
8475809,Scott Wedgewood,COL,1,-1,22.5,-12.99,1,0,0.025766425,0.04005710762687462,0.0401,0.0401
8475809,Scott Wedgewood,COL,2,-2,45.0,-25.98,2,0,0.057182668000000006,0.08568781344846027,0.0857,0.0428
8475809,Scott Wedgewood,COL,2,-1,45.0,0.0,7,1,0.491425483,0.5155321505178674,-0.4845,-0.0692
8475809,Scott Wedgewood,COL,2,0,45.0,25.98,1,0,0.023094943,0.03730708406022428,0.0373,0.0373
8475809,Scott Wedgewood,COL,3,-3,67.5,-38.97,1,0,0.09093922,0.09117937573228348,0.0912,0.0912
8475809,Scott Wedgewood,COL,3,-2,67.5,-12.99,4,0,0.343656478,0.34986786478575915,0.3499,0.0875
8475809,Scott Wedgewood,COL,3,-1,67.5,12.99,9,0,0.943441596,0.8586369538758831,0.8586,0.0954
8475809,Scott Wedgewood,COL,3,0,67.5,38.97,1,0,0.025557162,0.03984543003370541,0.0398,0.0398
8475809,Scott Wedgewood,COL,4,-3,90.0,-25.98,1,0,0.060495067,0.06979550954838498,0.0698,0.0698
8475809,Scott Wedgewood,COL,4,-2,90.0,0.0,10,0,1.49772761,1.2668662038534826,1.2669,0.1267
8475809,Scott Wedgewood,COL,4,-1,90.0,25.98,4,0,0.243332958,0.2618009431243438,0.2618,0.0654
8475831,Philipp Grubauer,SEA,1,-1,22.5,-12.99,1,0,0.045808367,0.058225568162975416,0.0582,0.0582
8475831,Philipp Grubauer,SEA,1,0,22.5,12.99,2,0,0.071387637,0.09899405433827371,0.099,0.0495
8475831,Philipp Grubauer,SEA,2,-3,45.0,-51.96,1,0,0.024389133,0.03865253487995141,0.0387,0.0387
8475831,Philipp Grubauer,SEA,2,-2,45.0,-25.98,2,0,0.092875915,0.1167939189578966,0.1168,0.0584
8475831,Philipp Grubauer,SEA,2,-1,45.0,0.0,4,0,0.271577173,0.2955815957799028,0.2956,0.0739
8475831,Philipp Grubauer,SEA,2,0,45.0,25.98,4,0,0.17167764200000002,0.21996975111804662,0.22,0.055
8475831,Philipp Grubauer,SEA,3,-3,67.5,-38.97,5,0,0.21834763499999998,0.26808345278366147,0.2681,0.0536
8475831,Philipp Grubauer,SEA,3,-2,67.5,-12.99,10,0,1.112733784,1.0337291980108547,1.0337,0.1034
8475831,Philipp Grubauer,SEA,3,-1,67.5,12.99,14,1,1.1076673910000001,1.1351998495439426,0.1352,0.0097
8475831,Philipp Grubauer,SEA,3,0,67.5,38.97,2,0,0.053150369,0.08149157908176813,0.0815,0.0408
8475831,Philipp Grubauer,SEA,4,-3,90.0,-25.98,1,0,0.10044985,0.09737001084265864,0.0974,0.0974
8475831,Philipp Grubauer,SEA,4,-2,90.0,0.0,13,3,1.9360810609999999,1.6335125803002513,-1.3665,-0.1051
8475831,Philipp Grubauer,SEA,4,-1,90.0,25.98,4,1,0.398380775,0.37636550588319295,-0.6236,-0.1559
8475852,Petr Mrazek,ANA,0,1,0.0,25.98,1,0,0.009425185,0.020822183259055587,0.0208,0.0208
8475852,Petr Mrazek,ANA,1,-1,22.5,-12.99,2,0,0.055231685,0.08380289134804483,0.0838,0.0419
8475852,Petr Mrazek,ANA,2,-1,45.0,0.0,6,0,0.403562814,0.4386332168677404,0.4386,0.0731
8475852,Petr Mrazek,ANA,2,0,45.0,25.98,2,1,0.11401186599999999,0.1339879710218721,-0.866,-0.433
8475852,Petr Mrazek,ANA,3,-3,67.5,-38.97,1,0,0.04389958,0.05663507398020247,0.0566,0.0566
8475852,Petr Mrazek,ANA,3,-2,67.5,-12.99,5,0,0.730537514,0.6239589758547299,0.624,0.1248
8475852,Petr Mrazek,ANA,3,-1,67.5,12.99,4,0,0.46392087299999996,0.41547342810557264,0.4155,0.1039
8475852,Petr Mrazek,ANA,4,-2,90.0,0.0,9,0,1.172519766,1.0203491175986361,1.0203,0.1134
8475852,Petr Mrazek,ANA,4,-1,90.0,25.98,1,0,0.09121425,0.09136107901412324,0.0914,0.0914
8475883,Frederik Andersen,CAR,1,-1,22.5,-12.99,4,0,0.15195846000000002,0.2032564220728611,0.2033,0.0508
8475883,Frederik Andersen,CAR,1,0,22.5,12.99,2,0,0.039202912,0.06702656433975639,0.067,0.0335
8475883,Frederik Andersen,CAR,2,-2,45.0,-25.98,4,0,0.246241113,0.27624307984383756,0.2762,0.069
8475883,Frederik Andersen,CAR,2,-1,45.0,0.0,3,0,0.257703585,0.252837374998674,0.2528,0.0843
8475883,Frederik Andersen,CAR,2,0,45.0,25.98,2,0,0.062042023,0.08889623838377192,0.0889,0.0445
8475883,Frederik Andersen,CAR,3,-2,67.5,-12.99,7,0,0.956156986,0.8241827510186674,0.8242,0.1177
8475883,Frederik Andersen,CAR,3,-1,67.5,12.99,6,0,0.6530060665,0.5877044836620988,0.5877,0.098
8475883,Frederik Andersen,CAR,3,0,67.5,38.97,1,0,0.030294506,0.04450017470766266,0.0445,0.0445
8475883,Frederik Andersen,CAR,4,-2,90.0,0.0,19,2,2.88754974,2.4341291704012327,0.4341,0.0228
8475883,Frederik Andersen,CAR,4,-1,90.0,25.98,3,1,0.289860617,0.2767153110991515,-0.7233,-0.2411
8476341,Anton Forsberg,LAK,0,0,0.0,0.0,1,0,0.009508949,0.020942616148892642,0.0209,0.0209
8476341,Anton Forsberg,LAK,1,0,22.5,12.99,1,0,0.019960377,0.033932911560459265,0.0339,0.0339
8476341,Anton Forsberg,LAK,1,1,22.5,38.97,1,0,0.017880958,0.0315907985057733,0.0316,0.0316
8476341,Anton Forsberg,LAK,2,-2,45.0,-25.98,2,0,0.157562919,0.16428749258147,0.1643,0.0822
8476341,Anton Forsberg,LAK,2,-1,45.0,0.0,4,0,0.219194334,0.25579291830210316,0.2558,0.064
8476341,Anton Forsberg,LAK,2,0,45.0,25.98,1,0,0.0392083,0.052621389284183,0.0526,0.0526
8476341,Anton Forsberg,LAK,3,-3,67.5,-38.97,1,0,0.10269577,0.09880575236007866,0.0988,0.0988
8476341,Anton Forsberg,LAK,3,-2,67.5,-12.99,5,0,0.5813697959999999,0.5245865750511718,0.5246,0.1049
8476341,Anton Forsberg,LAK,3,-1,67.5,12.99,13,2,1.25244573,1.1898673223701621,-0.8101,-0.0623
8476341,Anton Forsberg,LAK,3,0,67.5,38.97,1,0,0.055335637,0.0658517711949438,0.0659,0.0659
8476341,Anton Forsberg,LAK,4,-2,90.0,0.0,17,2,2.246033106,1.9677073993439742,-0.0323,-0.0019
8476341,Anton Forsberg,LAK,4,-1,90.0,25.98,3,0,0.270403495,0.27169468795578555,0.2717,0.0906
8476412,Jordan Binnington,STL,0,1,0.0,25.98,1,0,0.62467873,0.3904840547871143,0.3905,0.3905
8476412,Jordan Binnington,STL,1,-1,22.5,-12.99,1,0,0.02995036,0.04417105751430244,0.0442,0.0442
8476412,Jordan Binnington,STL,2,-2,45.0,-25.98,5,0,0.407298253,0.4070510730780758,0.4071,0.0814
8476412,Jordan Binnington,STL,2,-1,45.0,0.0,6,0,0.345692621,0.39656284752434934,0.3966,0.0661
8476412,Jordan Binnington,STL,2,0,45.0,25.98,5,0,0.191269667,0.2548553575433977,0.2549,0.051
8476412,Jordan Binnington,STL,3,-3,67.5,-38.97,2,0,0.152652874,0.15228597743592534,0.1523,0.0762
8476412,Jordan Binnington,STL,3,-2,67.5,-12.99,18,2,1.580256379,1.5344725382352282,-0.4655,-0.0259
8476412,Jordan Binnington,STL,3,-1,67.5,12.99,13,0,1.206535589,1.1337968876870028,1.1338,0.0872
8476412,Jordan Binnington,STL,3,0,67.5,38.97,2,0,0.152301955,0.15743902497600115,0.1574,0.0787
8476412,Jordan Binnington,STL,4,-3,90.0,-25.98,2,0,0.10981368,0.13012821868224866,0.1301,0.065
8476412,Jordan Binnington,STL,4,-2,90.0,0.0,16,4,2.37322786,2.007998316855012,-1.992,-0.1245
8476412,Jordan Binnington,STL,4,-1,90.0,25.98,4,0,0.384890856,0.37563214648082055,0.3756,0.0939
8476434,John Gibson,DET,1,-1,22.5,-12.99,1,0,0.034093894,0.0480512774001613,0.0481,0.0481
8476434,John Gibson,DET,1,0,22.5,12.99,2,0,0.096074786,0.11975677688998149,0.1198,0.0599
8476434,John Gibson,DET,2,-2,45.0,-25.98,7,0,0.44057324600000003,0.4877045850885937,0.4877,0.0697
8476434,John Gibson,DET,2,-1,45.0,0.0,12,0,0.9302614699999999,0.9582552886177429,0.9583,0.0799
8476434,John Gibson,DET,2,0,45.0,25.98,8,1,0.405106721,0.4860950709963768,-0.5139,-0.0642
8476434,John Gibson,DET,3,-3,67.5,-38.97,3,0,0.06727678399999999,0.10969572621473096,0.1097,0.0366
8476434,John Gibson,DET,3,-2,67.5,-12.99,20,6,2.142413421,1.9575400567078167,-4.0425,-0.2021
8476434,John Gibson,DET,3,-1,67.5,12.99,13,2,1.338721144,1.2563691964650565,-0.7436,-0.0572
8476434,John Gibson,DET,3,0,67.5,38.97,2,0,0.100087813,0.11899669573260689,0.119,0.0595
8476434,John Gibson,DET,4,-3,90.0,-25.98,5,0,0.289661833,0.3280403842739581,0.328,0.0656
8476434,John Gibson,DET,4,-2,90.0,0.0,13,3,1.842831676,1.5785661125328911,-1.4214,-0.1093
8476434,John Gibson,DET,4,-1,90.0,25.98,1,0,0.063517794,0.07205396683008625,0.0721,0.0721
8476883,Andrei Vasilevskiy,TBL,0,-1,0.0,-25.98,1,0,0.01840849,0.03219367863456263,0.0322,0.0322
8476883,Andrei Vasilevskiy,TBL,1,-1,22.5,-12.99,9,0,0.502222307,0.5774085181914854,0.5774,0.0642
8476883,Andrei Vasilevskiy,TBL,1,0,22.5,12.99,3,1,0.087702663,0.1300926317404339,-0.8699,-0.29
8476883,Andrei Vasilevskiy,TBL,1,1,22.5,38.97,2,0,0.19280639,0.1874381711882971,0.1874,0.0937
8476883,Andrei Vasilevskiy,TBL,2,-2,45.0,-25.98,6,1,0.409879194,0.44425760212325127,-0.5557,-0.0926
8476883,Andrei Vasilevskiy,TBL,2,-1,45.0,0.0,15,1,0.9922731929999999,1.0898907480677837,0.0899,0.006
8476883,Andrei Vasilevskiy,TBL,2,0,45.0,25.98,15,1,0.593730459,0.7785344111663604,-0.2215,-0.0148
8476883,Andrei Vasilevskiy,TBL,3,-3,67.5,-38.97,8,1,0.446345594,0.5119425007651551,-0.4881,-0.061
8476883,Andrei Vasilevskiy,TBL,3,-2,67.5,-12.99,36,3,4.131264202,3.7598333110344755,0.7598,0.0211
8476883,Andrei Vasilevskiy,TBL,3,-1,67.5,12.99,18,2,1.8756915745,1.7244021826856941,-0.2756,-0.0153
8476883,Andrei Vasilevskiy,TBL,3,0,67.5,38.97,2,0,0.152170417,0.15900814752939488,0.159,0.0795
8476883,Andrei Vasilevskiy,TBL,4,-3,90.0,-25.98,2,0,0.160853377,0.16468203639276074,0.1647,0.0824
8476883,Andrei Vasilevskiy,TBL,4,-2,90.0,0.0,31,3,4.082256793,3.532532589679979,0.5325,0.0172
8476883,Andrei Vasilevskiy,TBL,4,-1,90.0,25.98,3,0,0.23944083300000002,0.2439740747420669,0.244,0.0813
8476899,Matt Murray,SEA,1,0,22.5,12.99,1,0,0.029991595,0.044210560762215904,0.0442,0.0442
8476899,Matt Murray,SEA,2,-1,45.0,0.0,1,0,0.046237353,0.058579879910061194,0.0586,0.0586
8476899,Matt Murray,SEA,3,-2,67.5,-12.99,3,0,0.20376056999999997,0.22146449755531653,0.2215,0.0738
8476899,Matt Murray,SEA,3,-1,67.5,12.99,2,0,0.248462949,0.20474090518420002,0.2047,0.1024
8476899,Matt Murray,SEA,3,0,67.5,38.97,2,0,0.054697443,0.08326002444511399,0.0833,0.0416
8476899,Matt Murray,SEA,4,-2,90.0,0.0,2,1,0.28990128,0.2473306688622757,-0.7527,-0.3764
8476914,Joonas Korpisalo,BOS,1,-1,22.5,-12.99,1,0,0.028812127,0.04307298097412704,0.0431,0.0431
8476914,Joonas Korpisalo,BOS,1,0,22.5,12.99,1,0,0.32769957,0.22182330408211548,0.2218,0.2218
8476914,Joonas Korpisalo,BOS,2,-2,45.0,-25.98,1,0,0.040421527,0.05367452155753838,0.0537,0.0537
8476914,Joonas Korpisalo,BOS,2,-1,45.0,0.0,7,0,0.696410978,0.6473438956486575,0.6473,0.0925
8476914,Joonas Korpisalo,BOS,3,-3,67.5,-38.97,4,0,0.111192102,0.16757686695584728,0.1676,0.0419
8476914,Joonas Korpisalo,BOS,3,-2,67.5,-12.99,17,3,1.920620574,1.7423085784795755,-1.2577,-0.074
8476914,Joonas Korpisalo,BOS,3,-1,67.5,12.99,11,2,0.865498242,0.8987977246109571,-1.1012,-0.1001
8476914,Joonas Korpisalo,BOS,3,0,67.5,38.97,3,0,0.296360113,0.2839997276041858,0.284,0.0947
8476914,Joonas Korpisalo,BOS,4,-2,90.0,0.0,25,3,3.982269443,3.2948453294366677,0.2948,0.0118
8476914,Joonas Korpisalo,BOS,4,-1,90.0,25.98,2,0,0.194419126,0.19053018350246742,0.1905,0.0952
8476932,Anthony Stolarz,TOR,1,-1,22.5,-12.99,2,0,0.094636675,0.11850369753771883,0.1185,0.0592
8476932,Anthony Stolarz,TOR,2,-2,45.0,-25.98,3,0,0.17948206,0.2069983174195761,0.207,0.069
8476932,Anthony Stolarz,TOR,2,-1,45.0,0.0,4,0,0.257470724,0.28763924755192755,0.2876,0.0719
8476932,Anthony Stolarz,TOR,2,0,45.0,25.98,1,0,0.015802208,0.029151131435118757,0.0292,0.0292
8476932,Anthony Stolarz,TOR,3,-3,67.5,-38.97,1,0,0.17107548,0.1392206334231043,0.1392,0.1392
8476932,Anthony Stolarz,TOR,3,-2,67.5,-12.99,10,2,0.890756,0.8831223868113192,-1.1169,-0.1117
8476932,Anthony Stolarz,TOR,3,-1,67.5,12.99,12,1,0.90004427,0.9439486013645482,-0.0561,-0.0047
8476932,Anthony Stolarz,TOR,3,0,67.5,38.97,2,0,0.068052013,0.09530136064450437,0.0953,0.0476
8476932,Anthony Stolarz,TOR,4,-2,90.0,0.0,19,3,3.13176508,2.5589942691897036,-0.441,-0.0232
8476932,Anthony Stolarz,TOR,4,-1,90.0,25.98,2,0,0.155953626,0.16457699472932316,0.1646,0.0823
8476945,Connor Hellebuyck,WPG,1,-1,22.5,-12.99,1,0,0.054258086,0.06501284816451049,0.065,0.065
8476945,Connor Hellebuyck,WPG,2,-2,45.0,-25.98,4,0,0.214618529,0.25498564067424834,0.255,0.0638
8476945,Connor Hellebuyck,WPG,2,-1,45.0,0.0,6,0,0.372502977,0.41978040275815975,0.4198,0.07
8476945,Connor Hellebuyck,WPG,2,0,45.0,25.98,4,0,0.146093634,0.20063898122948956,0.2006,0.0502
8476945,Connor Hellebuyck,WPG,3,-3,67.5,-38.97,2,0,0.059343614,0.08707150494304865,0.0871,0.0436
8476945,Connor Hellebuyck,WPG,3,-2,67.5,-12.99,20,1,2.22768041,2.009181102715011,1.0092,0.0505
8476945,Connor Hellebuyck,WPG,3,-1,67.5,12.99,10,2,0.967622721,0.9318824005062545,-1.0681,-0.1068
8476945,Connor Hellebuyck,WPG,3,0,67.5,38.97,4,0,0.257913595,0.2824173871730607,0.2824,0.0706
8476945,Connor Hellebuyck,WPG,4,-3,90.0,-25.98,1,0,0.06256007,0.0713423163919377,0.0713,0.0713
8476945,Connor Hellebuyck,WPG,4,-2,90.0,0.0,22,3,2.731940468,2.4410535717879083,-0.5589,-0.0254
8476945,Connor Hellebuyck,WPG,4,-1,90.0,25.98,3,1,0.17719605900000002,0.19135317984718236,-0.8086,-0.2695
8476999,Linus Ullmark,OTT,0,-1,0.0,-25.98,2,0,0.042050055,0.0700784692175424,0.0701,0.035
8476999,Linus Ullmark,OTT,0,0,0.0,0.0,1,0,0.040528823,0.05376712964974964,0.0538,0.0538
8476999,Linus Ullmark,OTT,1,-2,22.5,-38.97,1,0,0.026748296,0.041042370810608846,0.041,0.041
8476999,Linus Ullmark,OTT,1,-1,22.5,-12.99,3,0,0.151857,0.1855682846277012,0.1856,0.0619
8476999,Linus Ullmark,OTT,1,0,22.5,12.99,3,0,0.080422956,0.1218680249663171,0.1219,0.0406
8476999,Linus Ullmark,OTT,1,1,22.5,38.97,1,0,0.019881159,0.033845312005501414,0.0338,0.0338
8476999,Linus Ullmark,OTT,2,-2,45.0,-25.98,3,0,0.21472935599999998,0.22235727741261974,0.2224,0.0741
8476999,Linus Ullmark,OTT,2,-1,45.0,0.0,13,2,0.915375168,0.9838874123844517,-1.0161,-0.0782
8476999,Linus Ullmark,OTT,2,0,45.0,25.98,7,0,0.24663253000000002,0.3384268923725557,0.3384,0.0483
8476999,Linus Ullmark,OTT,3,-3,67.5,-38.97,1,0,0.14191416,0.12262440341577296,0.1226,0.1226
8476999,Linus Ullmark,OTT,3,-2,67.5,-12.99,21,2,2.65411119,2.318398556356311,0.3184,0.0152
8476999,Linus Ullmark,OTT,3,-1,67.5,12.99,13,2,1.42698937,1.305272364893848,-0.6947,-0.0534
8476999,Linus Ullmark,OTT,3,0,67.5,38.97,5,0,0.369855565,0.38847262400208754,0.3885,0.0777
8476999,Linus Ullmark,OTT,4,-3,90.0,-25.98,2,0,0.165641224,0.17049822331425163,0.1705,0.0853
8476999,Linus Ullmark,OTT,4,-2,90.0,0.0,20,2,3.180170409,2.6258197995904986,0.6258,0.0313
8476999,Linus Ullmark,OTT,4,-1,90.0,25.98,5,1,0.518364991,0.4949386258101054,-0.5051,-0.101
8477035,Matt Tomkins,EDM,2,-2,45.0,-25.98,1,0,0.048298478,0.06026686347911001,0.0603,0.0603
8477405,Marcus Hogberg,NYI,2,-2,45.0,-25.98,1,0,0.071028344,0.07751828178142603,0.0775,0.0775
8477405,Marcus Hogberg,NYI,3,-3,67.5,-38.97,1,0,0.09699813,0.09514459978808792,0.0951,0.0951
8477405,Marcus Hogberg,NYI,4,-2,90.0,0.0,1,0,0.19105938,0.1502252660040866,0.1502,0.1502
8477424,Juuse Saros,NSH,0,0,0.0,0.0,1,0,0.52854526,0.33051806491469987,0.3305,0.3305
8477424,Juuse Saros,NSH,1,-2,22.5,-38.97,1,0,0.1938722,0.15175510453299815,0.1518,0.1518
8477424,Juuse Saros,NSH,1,-1,22.5,-12.99,2,0,0.078822069,0.10523239007842992,0.1052,0.0526
8477424,Juuse Saros,NSH,2,-2,45.0,-25.98,6,1,0.36595763200000003,0.3929627323709495,-0.607,-0.1012
8477424,Juuse Saros,NSH,2,-1,45.0,0.0,9,1,0.725070452,0.7334814063256073,-0.2665,-0.0296
8477424,Juuse Saros,NSH,2,0,45.0,25.98,10,0,0.398818612,0.5260509241635336,0.5261,0.0526
8477424,Juuse Saros,NSH,3,-3,67.5,-38.97,2,0,0.12733962399999998,0.14432834046949,0.1443,0.0722
8477424,Juuse Saros,NSH,3,-2,67.5,-12.99,24,3,3.009869476,2.6217984403987993,-0.3782,-0.0158
8477424,Juuse Saros,NSH,3,-1,67.5,12.99,23,1,2.962847936,2.579099218468873,1.5791,0.0687
8477424,Juuse Saros,NSH,3,0,67.5,38.97,3,0,0.204894897,0.22615983419690056,0.2262,0.0754
8477424,Juuse Saros,NSH,4,-2,90.0,0.0,33,3,4.605058274,3.962804012998675,0.9628,0.0292
8477424,Juuse Saros,NSH,4,-1,90.0,25.98,3,1,0.280166604,0.2663624652544995,-0.7336,-0.2445
8477465,Tristan Jarry,EDM,1,-1,22.5,-12.99,1,1,0.035674464,0.04948754373940579,-0.9505,-0.9505
8477465,Tristan Jarry,EDM,2,-2,45.0,-25.98,5,1,0.321673401,0.3482548443187551,-0.6517,-0.1303
8477465,Tristan Jarry,EDM,2,-1,45.0,0.0,6,0,0.646605565,0.580288157323654,0.5803,0.0967
8477465,Tristan Jarry,EDM,2,0,45.0,25.98,1,0,0.061746072,0.0707346337122287,0.0707,0.0707
8477465,Tristan Jarry,EDM,3,-2,67.5,-12.99,18,1,1.902831001,1.779801241705518,0.7798,0.0433
8477465,Tristan Jarry,EDM,3,-1,67.5,12.99,12,1,1.397048395,1.2619342276666003,0.2619,0.0218
8477465,Tristan Jarry,EDM,3,0,67.5,38.97,3,0,0.185421949,0.19753819258730973,0.1975,0.0658
8477465,Tristan Jarry,EDM,4,-2,90.0,0.0,15,2,1.976869583,1.7071833121462126,-0.2928,-0.0195
8477465,Tristan Jarry,EDM,4,-1,90.0,25.98,6,0,0.477486374,0.4808394179532523,0.4808,0.0801
8477480,Eric Comrie,WPG,2,-2,45.0,-25.98,1,0,0.06640668,0.07417953393194605,0.0742,0.0742
8477480,Eric Comrie,WPG,2,-1,45.0,0.0,3,0,0.16806026,0.19394863709545032,0.1939,0.0646
8477480,Eric Comrie,WPG,2,0,45.0,25.98,3,0,0.088465897,0.1279394752598248,0.1279,0.0426
8477480,Eric Comrie,WPG,3,-3,67.5,-38.97,1,1,0.047688305,0.059770050860813294,-0.9402,-0.9402
8477480,Eric Comrie,WPG,3,-2,67.5,-12.99,5,1,0.530671098,0.49162265524011006,-0.5084,-0.1017
8477480,Eric Comrie,WPG,3,-1,67.5,12.99,3,0,0.39113349,0.3474378696609885,0.3474,0.1158
8477480,Eric Comrie,WPG,3,0,67.5,38.97,1,1,0.07518797,0.0804634957651939,-0.9195,-0.9195
8477480,Eric Comrie,WPG,4,-2,90.0,0.0,5,1,0.405226525,0.42093324244269636,-0.5791,-0.1158
8477484,Spencer Martin,NYR,3,-2,67.5,-12.99,3,1,0.39763522,0.34318239323366856,-0.6568,-0.2189
8477484,Spencer Martin,NYR,3,-1,67.5,12.99,1,0,0.18439202,0.14658126948200487,0.1466,0.1466
8477831,Pheonix Copley,LAK,2,-1,45.0,0.0,1,0,0.044476457,0.057118206661949236,0.0571,0.0571
8477831,Pheonix Copley,LAK,4,-2,90.0,0.0,1,1,0.15891874,0.1323906109421668,-0.8676,-0.8676
8477831,Pheonix Copley,LAK,4,-1,90.0,25.98,1,0,0.09473058,0.09366968001232683,0.0937,0.0937
8477967,Thatcher Demko,VAN,1,-1,22.5,-12.99,1,0,0.030964438,0.04513713157867335,0.0451,0.0451
8477967,Thatcher Demko,VAN,1,0,22.5,12.99,1,0,0.024337221,0.038599057797525906,0.0386,0.0386
8477967,Thatcher Demko,VAN,2,-2,45.0,-25.98,1,0,0.033328943,0.04734787609326565,0.0473,0.0473
8477967,Thatcher Demko,VAN,2,-1,45.0,0.0,2,0,0.11591121600000001,0.13459631628171453,0.1346,0.0673
8477967,Thatcher Demko,VAN,3,-2,67.5,-12.99,4,3,0.47053579,0.432145150473059,-2.5679,-0.642
8477967,Thatcher Demko,VAN,3,-1,67.5,12.99,5,1,0.464989884,0.4344953084374627,-0.5655,-0.1131
8477967,Thatcher Demko,VAN,4,-2,90.0,0.0,2,0,0.30543429,0.25704186259036016,0.257,0.1285
8477967,Thatcher Demko,VAN,4,-1,90.0,25.98,1,0,0.089688264,0.09035076886677329,0.0904,0.0904
8477968,Alex Nedeljkovic,SJS,0,-1,0.0,-25.98,1,1,0.048988983,0.06082651879478535,-0.9392,-0.9392
8477968,Alex Nedeljkovic,SJS,1,0,22.5,12.99,2,0,0.08807379600000001,0.1119656856411327,0.112,0.056
8477968,Alex Nedeljkovic,SJS,1,1,22.5,38.97,3,0,0.127814078,0.16244177126346196,0.1624,0.0541
8477968,Alex Nedeljkovic,SJS,2,-3,45.0,-51.96,1,0,0.020286685,0.034292457785738854,0.0343,0.0343
8477968,Alex Nedeljkovic,SJS,2,-2,45.0,-25.98,4,0,0.39918157600000004,0.37625086458406076,0.3763,0.0941
8477968,Alex Nedeljkovic,SJS,2,-1,45.0,0.0,13,0,0.7278811159999999,0.8358022040877937,0.8358,0.0643
8477968,Alex Nedeljkovic,SJS,2,0,45.0,25.98,3,0,0.13896571800000002,0.17457994384432213,0.1746,0.0582
8477968,Alex Nedeljkovic,SJS,2,1,45.0,51.96,2,0,0.046660573,0.07499118887363576,0.075,0.0375
8477968,Alex Nedeljkovic,SJS,3,-3,67.5,-38.97,2,0,0.112559876,0.13271901189382423,0.1327,0.0664
8477968,Alex Nedeljkovic,SJS,3,-2,67.5,-12.99,22,4,2.22952196,2.060768329439508,-1.9392,-0.0881
8477968,Alex Nedeljkovic,SJS,3,-1,67.5,12.99,12,2,1.323094494,1.2294419386802211,-0.7706,-0.0642
8477968,Alex Nedeljkovic,SJS,3,0,67.5,38.97,4,0,0.22708843299999998,0.2602653525321381,0.2603,0.0651
8477968,Alex Nedeljkovic,SJS,4,-3,90.0,-25.98,1,0,0.06301051,0.07167746718200306,0.0717,0.0717
8477968,Alex Nedeljkovic,SJS,4,-2,90.0,0.0,25,2,3.776585942,3.141734508829873,1.1417,0.0457
8477968,Alex Nedeljkovic,SJS,4,-1,90.0,25.98,6,1,0.513846855,0.5037571117383595,-0.4962,-0.0827
8477970,Vitek Vanecek,UTA,1,-2,22.5,-38.97,1,0,0.018000314,0.03172774570321542,0.0317,0.0317
8477970,Vitek Vanecek,UTA,1,-1,22.5,-12.99,3,0,0.246482944,0.25192186006102546,0.2519,0.084
8477970,Vitek Vanecek,UTA,1,0,22.5,12.99,1,0,0.034035347,0.047997636000639735,0.048,0.048
8477970,Vitek Vanecek,UTA,2,-1,45.0,0.0,2,0,0.130998432,0.1425232897045633,0.1425,0.0712
8477970,Vitek Vanecek,UTA,2,0,45.0,25.98,1,0,0.068228185,0.07550417432756275,0.0755,0.0755
8477970,Vitek Vanecek,UTA,3,-3,67.5,-38.97,1,0,0.06700665,0.07461714187830687,0.0746,0.0746
8477970,Vitek Vanecek,UTA,3,-2,67.5,-12.99,7,2,0.807936627,0.7302579386968899,-1.2697,-0.1814
8477970,Vitek Vanecek,UTA,3,-1,67.5,12.99,2,0,0.18140441000000002,0.1781539946660653,0.1782,0.0891
8477970,Vitek Vanecek,UTA,4,-3,90.0,-25.98,1,0,0.018614583,0.032427548942294215,0.0324,0.0324
8477970,Vitek Vanecek,UTA,4,-2,90.0,0.0,10,1,1.231205048,1.104619527424042,0.1046,0.0105
8477970,Vitek Vanecek,UTA,4,-1,90.0,25.98,1,0,0.030804122,0.04498514812032039,0.045,0.045
8477990,Brandon Halverson,TBL,1,-1,22.5,-12.99,1,0,0.02096313,0.03503138137696525,0.035,0.035
8477990,Brandon Halverson,TBL,2,-1,45.0,0.0,1,0,0.09271092,0.09234695848546423,0.0923,0.0923
8477990,Brandon Halverson,TBL,3,-2,67.5,-12.99,2,0,0.17602131000000001,0.17364730975084697,0.1736,0.0868
8477992,Jonas Johansson,TBL,1,-1,22.5,-12.99,1,0,0.05607254,0.06642233010641994,0.0664,0.0664
8477992,Jonas Johansson,TBL,1,0,22.5,12.99,1,0,0.042699505,0.05562298474337547,0.0556,0.0556
8477992,Jonas Johansson,TBL,2,-3,45.0,-51.96,1,0,0.036641475,0.05035537809434638,0.0504,0.0504
8477992,Jonas Johansson,TBL,2,-2,45.0,-25.98,3,0,0.21320227,0.23263355064700586,0.2326,0.0775
8477992,Jonas Johansson,TBL,2,-1,45.0,0.0,4,1,0.29533770800000003,0.3130466439570464,-0.687,-0.1718
8477992,Jonas Johansson,TBL,2,0,45.0,25.98,1,0,0.0363465,0.050091506552773786,0.0501,0.0501
8477992,Jonas Johansson,TBL,3,-3,67.5,-38.97,2,0,0.09389442,0.11722432843142139,0.1172,0.0586
8477992,Jonas Johansson,TBL,3,-2,67.5,-12.99,7,1,0.772617013,0.6954226000631387,-0.3046,-0.0435
8477992,Jonas Johansson,TBL,3,-1,67.5,12.99,10,2,0.819377335,0.8186226077815486,-1.1814,-0.1181
8477992,Jonas Johansson,TBL,3,0,67.5,38.97,2,0,0.07119793099999999,0.09883823470421095,0.0988,0.0494
8477992,Jonas Johansson,TBL,4,-3,90.0,-25.98,2,0,0.14130381,0.1530598776343408,0.1531,0.0766
8477992,Jonas Johansson,TBL,4,-2,90.0,0.0,10,1,1.2910847300000001,1.1332545612651552,0.1333,0.0133
8477992,Jonas Johansson,TBL,4,-1,90.0,25.98,1,0,0.10809642,0.10222091112345755,0.1022,0.1022
8478007,Elvis Merzlikins,CBJ,1,-1,22.5,-12.99,2,1,0.287464775,0.23970005137880998,-0.7603,-0.3802
8478007,Elvis Merzlikins,CBJ,1,0,22.5,12.99,1,0,0.008650416,0.01968971903579878,0.0197,0.0197
8478007,Elvis Merzlikins,CBJ,2,-2,45.0,-25.98,1,0,0.04454331,0.057174057557537496,0.0572,0.0572
8478007,Elvis Merzlikins,CBJ,2,-1,45.0,0.0,6,0,0.5194541109999999,0.5149255582929224,0.5149,0.0858
8478007,Elvis Merzlikins,CBJ,2,0,45.0,25.98,4,0,0.140643074,0.1958489786596041,0.1958,0.049
8478007,Elvis Merzlikins,CBJ,3,-2,67.5,-12.99,6,0,0.823970742,0.6990581499853757,0.6991,0.1165
8478007,Elvis Merzlikins,CBJ,3,-1,67.5,12.99,5,1,0.595934104,0.5227602745470797,-0.4772,-0.0954
8478007,Elvis Merzlikins,CBJ,4,-2,90.0,0.0,8,0,1.48947288,1.1764906705249443,1.1765,0.1471
8478007,Elvis Merzlikins,CBJ,4,-1,90.0,25.98,1,0,0.023594636,0.03782963443697948,0.0378,0.0378
8478009,Ilya Sorokin,NYI,0,0,0.0,0.0,1,0,0.008695854,0.0197570956413116,0.0198,0.0198
8478009,Ilya Sorokin,NYI,1,-2,22.5,-38.97,1,0,0.022681242,0.03687144369833157,0.0369,0.0369
8478009,Ilya Sorokin,NYI,1,-1,22.5,-12.99,3,0,0.22891898,0.24283348648323694,0.2428,0.0809
8478009,Ilya Sorokin,NYI,1,1,22.5,38.97,1,0,0.07474316,0.08015109664711736,0.0802,0.0802
8478009,Ilya Sorokin,NYI,2,-2,45.0,-25.98,6,0,0.244771596,0.32068913049538206,0.3207,0.0534
8478009,Ilya Sorokin,NYI,2,-1,45.0,0.0,7,0,0.453081966,0.4997424065980356,0.4997,0.0714
8478009,Ilya Sorokin,NYI,2,0,45.0,25.98,4,0,0.14527690799999998,0.1989112925565404,0.1989,0.0497
8478009,Ilya Sorokin,NYI,3,-3,67.5,-38.97,2,0,0.126167081,0.14324707942157439,0.1432,0.0716
8478009,Ilya Sorokin,NYI,3,-2,67.5,-12.99,29,3,3.724568319,3.2006662426767383,0.2007,0.0069
8478009,Ilya Sorokin,NYI,3,-1,67.5,12.99,17,1,1.743602349,1.616133536843625,0.6161,0.0362
8478009,Ilya Sorokin,NYI,3,0,67.5,38.97,7,0,0.340423044,0.392659386337844,0.3927,0.0561
8478009,Ilya Sorokin,NYI,4,-3,90.0,-25.98,1,0,0.034874715,0.04876363459009283,0.0488,0.0488
8478009,Ilya Sorokin,NYI,4,-2,90.0,0.0,40,3,5.800509913,4.9198906870527965,1.9199,0.048
8478009,Ilya Sorokin,NYI,4,-1,90.0,25.98,4,1,0.40474799000000006,0.3757312976483798,-0.6243,-0.1561
8478024,Ville Husso,ANA,1,-1,22.5,-12.99,1,0,0.479362,0.3024447596115266,0.3024,0.3024
8478024,Ville Husso,ANA,1,0,22.5,12.99,3,0,0.084242549,0.12668430108511475,0.1267,0.0422
8478024,Ville Husso,ANA,2,-2,45.0,-25.98,2,0,0.091752711,0.11106760551123424,0.1111,0.0556
8478024,Ville Husso,ANA,2,-1,45.0,0.0,2,0,0.097640909,0.1205230992773343,0.1205,0.0602
8478024,Ville Husso,ANA,2,0,45.0,25.98,4,1,0.213775216,0.25513456096793624,-0.7449,-0.1862
8478024,Ville Husso,ANA,3,-2,67.5,-12.99,5,1,0.92113193,0.7313261243390348,-0.2687,-0.0537
8478024,Ville Husso,ANA,3,-1,67.5,12.99,2,0,0.119122196,0.12714285443176512,0.1271,0.0636
8478024,Ville Husso,ANA,4,-3,90.0,-25.98,1,1,0.07532413,0.08055900483162122,-0.9194,-0.9194
8478024,Ville Husso,ANA,4,-2,90.0,0.0,4,0,0.48445316,0.43978959650939387,0.4398,0.11
8478039,Kaapo Kahkonen,MTL,3,-1,67.5,12.99,3,1,0.311776406,0.2972537536137785,-0.7027,-0.2342
8478048,Igor Shesterkin,NYR,1,-1,22.5,-12.99,5,0,0.208502429,0.2727392963011408,0.2727,0.0545
8478048,Igor Shesterkin,NYR,1,0,22.5,12.99,2,0,0.068756337,0.0963919970797219,0.0964,0.0482
8478048,Igor Shesterkin,NYR,2,-2,45.0,-25.98,10,1,0.689913512,0.7454981238526746,-0.2545,-0.0254
8478048,Igor Shesterkin,NYR,2,-1,45.0,0.0,10,1,0.703628028,0.7591826365841955,-0.2408,-0.0241
8478048,Igor Shesterkin,NYR,2,0,45.0,25.98,10,0,0.35740123,0.4839453584753098,0.4839,0.0484
8478048,Igor Shesterkin,NYR,3,-3,67.5,-38.97,3,0,0.241355912,0.2483684769098297,0.2484,0.0828
8478048,Igor Shesterkin,NYR,3,-2,67.5,-12.99,16,2,1.943161265,1.7407926256231674,-0.2592,-0.0162
8478048,Igor Shesterkin,NYR,3,-1,67.5,12.99,14,0,1.675485499,1.5173657600072952,1.5174,0.1084
8478048,Igor Shesterkin,NYR,3,0,67.5,38.97,6,0,0.270022898,0.3344648215577055,0.3345,0.0558
8478048,Igor Shesterkin,NYR,4,-2,90.0,0.0,23,4,3.573367844,2.9714538863339857,-1.0285,-0.0447
8478048,Igor Shesterkin,NYR,4,-1,90.0,25.98,2,0,0.180596254,0.1807373579358336,0.1807,0.0904
8478406,Mackenzie Blackwood,COL,1,-1,22.5,-12.99,2,0,0.085959975,0.11018474893982493,0.1102,0.0551
8478406,Mackenzie Blackwood,COL,1,1,22.5,38.97,1,0,0.019530399,0.03345595535258516,0.0335,0.0335
8478406,Mackenzie Blackwood,COL,2,-2,45.0,-25.98,5,0,0.20720011,0.2694476070888977,0.2694,0.0539
8478406,Mackenzie Blackwood,COL,2,-1,45.0,0.0,9,1,0.507309077,0.5910896191297761,-0.4089,-0.0454
8478406,Mackenzie Blackwood,COL,2,0,45.0,25.98,4,0,0.138792374,0.19153272440099772,0.1915,0.0479
8478406,Mackenzie Blackwood,COL,3,-3,67.5,-38.97,3,0,0.209674134,0.2288992628213921,0.2289,0.0763
8478406,Mackenzie Blackwood,COL,3,-2,67.5,-12.99,8,1,0.6541101500000001,0.671694233780506,-0.3283,-0.041
8478406,Mackenzie Blackwood,COL,3,-1,67.5,12.99,11,0,1.0357561770000001,0.9945569534153654,0.9946,0.0904
8478406,Mackenzie Blackwood,COL,3,0,67.5,38.97,2,0,0.075133146,0.09940903222663831,0.0994,0.0497
8478406,Mackenzie Blackwood,COL,4,-3,90.0,-25.98,3,1,0.241963815,0.25264599759371553,-0.7474,-0.2491
8478406,Mackenzie Blackwood,COL,4,-2,90.0,0.0,17,2,2.300699311,1.9982270196498728,-0.0018,-0.0001
8478406,Mackenzie Blackwood,COL,4,-1,90.0,25.98,2,0,0.19064594399999998,0.17498895514700893,0.175,0.0875
8478435,Dan Vladar,PHI,1,-1,22.5,-12.99,1,0,0.046643045,0.05891392296923085,0.0589,0.0589
8478435,Dan Vladar,PHI,2,-2,45.0,-25.98,4,0,0.19220078,0.23541024376897413,0.2354,0.0588
8478435,Dan Vladar,PHI,2,-1,45.0,0.0,11,1,0.840153577,0.8712913224641906,-0.1287,-0.0117
8478435,Dan Vladar,PHI,2,0,45.0,25.98,2,0,0.054660207,0.08294419129907928,0.0829,0.0414
8478435,Dan Vladar,PHI,3,-3,67.5,-38.97,3,0,0.08990714200000001,0.13010718288284193,0.1301,0.0434
8478435,Dan Vladar,PHI,3,-2,67.5,-12.99,11,2,1.629224328,1.3654636703038867,-0.6345,-0.0577
8478435,Dan Vladar,PHI,3,-1,67.5,12.99,11,2,1.10821394,1.0298473401644777,-0.9702,-0.0882
8478435,Dan Vladar,PHI,3,0,67.5,38.97,1,0,0.021109415,0.03519006704647662,0.0352,0.0352
8478435,Dan Vladar,PHI,4,-2,90.0,0.0,12,3,1.77576941,1.4992405912750741,-1.5008,-0.1251
8478470,Samuel Montembeault,MTL,1,-1,22.5,-12.99,1,0,0.056610458,0.0668372363958049,0.0668,0.0668
8478470,Samuel Montembeault,MTL,1,0,22.5,12.99,1,0,0.039939143,0.053257114459565255,0.0533,0.0533
8478470,Samuel Montembeault,MTL,2,-2,45.0,-25.98,7,0,0.473306008,0.5194395604811586,0.5194,0.0742
8478470,Samuel Montembeault,MTL,2,-1,45.0,0.0,6,1,0.52948471,0.5234895803398862,-0.4765,-0.0794
8478470,Samuel Montembeault,MTL,2,0,45.0,25.98,4,0,0.16060765,0.21278925444833705,0.2128,0.0532
8478470,Samuel Montembeault,MTL,3,-3,67.5,-38.97,1,0,0.058124088,0.06799772452566322,0.068,0.068
8478470,Samuel Montembeault,MTL,3,-2,67.5,-12.99,14,1,1.7259448800000001,1.5259280429078348,0.5259,0.0376
8478470,Samuel Montembeault,MTL,3,-1,67.5,12.99,6,1,0.693171474,0.6240435171340246,-0.376,-0.0627
8478470,Samuel Montembeault,MTL,4,-3,90.0,-25.98,1,0,0.08081235,0.08436424996773055,0.0844,0.0844
8478470,Samuel Montembeault,MTL,4,-2,90.0,0.0,13,3,1.926479985,1.6348725394146173,-1.3651,-0.105
8478470,Samuel Montembeault,MTL,4,-1,90.0,25.98,2,0,0.17221015,0.17576008570794033,0.1758,0.0879
8478499,Adin Hill,VGK,1,-2,22.5,-38.97,1,0,0.024851723,0.03912732126228558,0.0391,0.0391
8478499,Adin Hill,VGK,1,0,22.5,12.99,3,0,0.083788678,0.12599980608412154,0.126,0.042
8478499,Adin Hill,VGK,2,-2,45.0,-25.98,1,0,0.050187718,0.06179178027676381,0.0618,0.0618
8478499,Adin Hill,VGK,3,-2,67.5,-12.99,12,3,1.068305724,1.0376405114147094,-1.9624,-0.1635
8478499,Adin Hill,VGK,3,-1,67.5,12.99,4,0,0.272669989,0.2809311898782161,0.2809,0.0702
8478499,Adin Hill,VGK,3,0,67.5,38.97,2,0,0.058028623,0.08498473149309205,0.085,0.0425
8478499,Adin Hill,VGK,4,-2,90.0,0.0,4,1,0.44811502,0.41601820108861065,-0.584,-0.146
8478499,Adin Hill,VGK,4,-1,90.0,25.98,1,0,0.058550626,0.06832291908515657,0.0683,0.0683
8478872,Karel Vejmelka,UTA,0,-1,0.0,-25.98,1,0,0.030224927,0.04443373978806578,0.0444,0.0444
8478872,Karel Vejmelka,UTA,1,-2,22.5,-38.97,1,0,0.3081817,0.21174546091810556,0.2117,0.2117
8478872,Karel Vejmelka,UTA,1,-1,22.5,-12.99,7,0,0.409602236,0.46059388337115736,0.4606,0.0658
8478872,Karel Vejmelka,UTA,1,0,22.5,12.99,2,0,0.103957035,0.1258776614442096,0.1259,0.063
8478872,Karel Vejmelka,UTA,2,-2,45.0,-25.98,11,1,0.632182949,0.720418534252383,-0.2796,-0.0254
8478872,Karel Vejmelka,UTA,2,-1,45.0,0.0,32,1,2.4754059,2.5857448733644097,1.5857,0.0496
8478872,Karel Vejmelka,UTA,2,0,45.0,25.98,10,0,0.548394982,0.6487391950942495,0.6487,0.0649
8478872,Karel Vejmelka,UTA,2,1,45.0,51.96,1,0,0.017828956,0.03153103152978067,0.0315,0.0315
8478872,Karel Vejmelka,UTA,3,-3,67.5,-38.97,2,0,0.070323942,0.09589762762008143,0.0959,0.048
8478872,Karel Vejmelka,UTA,3,-2,67.5,-12.99,37,2,4.196870705,3.7845911419526788,1.7846,0.0482
8478872,Karel Vejmelka,UTA,3,-1,67.5,12.99,13,1,1.807448358,1.5582246382961091,0.5582,0.0429
8478872,Karel Vejmelka,UTA,3,0,67.5,38.97,5,0,0.336345193,0.3701072847271925,0.3701,0.074
8478872,Karel Vejmelka,UTA,4,-3,90.0,-25.98,1,0,0.06989818,0.07670853433356972,0.0767,0.0767
8478872,Karel Vejmelka,UTA,4,-2,90.0,0.0,53,9,7.763746243,6.58240961448959,-2.4176,-0.0456
8478872,Karel Vejmelka,UTA,4,-1,90.0,25.98,6,0,0.731061419,0.6621436570287446,0.6621,0.1104
8478905,Ivan Fedotov,CBJ,2,-1,45.0,0.0,1,0,0.072033964,0.07823529341414859,0.0782,0.0782
8478916,Joey Daccord,SEA,1,-1,22.5,-12.99,1,0,0.037336107,0.050973877247936644,0.051,0.051
8478916,Joey Daccord,SEA,1,0,22.5,12.99,4,1,0.15559336899999998,0.20844060636059464,-0.7916,-0.1979
8478916,Joey Daccord,SEA,2,-3,45.0,-51.96,1,0,0.036337674,0.05008359978388678,0.0501,0.0501
8478916,Joey Daccord,SEA,2,-2,45.0,-25.98,8,1,0.559365884,0.5779782653354597,-0.422,-0.0528
8478916,Joey Daccord,SEA,2,-1,45.0,0.0,8,1,0.7284715429999999,0.6997046881126947,-0.3003,-0.0375
8478916,Joey Daccord,SEA,2,0,45.0,25.98,5,0,0.225617782,0.2849245885465599,0.2849,0.057
8478916,Joey Daccord,SEA,2,1,45.0,51.96,1,0,0.24571857,0.17934455896889748,0.1793,0.1793
8478916,Joey Daccord,SEA,3,-3,67.5,-38.97,2,0,0.086343804,0.10742978693803412,0.1074,0.0537
8478916,Joey Daccord,SEA,3,-2,67.5,-12.99,20,4,2.065884242,1.9146160450030068,-2.0854,-0.1043
8478916,Joey Daccord,SEA,3,-1,67.5,12.99,20,1,1.888829472,1.8102547312814308,0.8103,0.0405
8478916,Joey Daccord,SEA,3,0,67.5,38.97,7,1,0.517567156,0.5331809572086182,-0.4668,-0.0667
8478916,Joey Daccord,SEA,4,-3,90.0,-25.98,3,0,0.206264853,0.21796745720708618,0.218,0.0727
8478916,Joey Daccord,SEA,4,-2,90.0,0.0,32,4,4.626371958,3.926955352509808,-0.073,-0.0023
8478916,Joey Daccord,SEA,4,-1,90.0,25.98,2,1,0.23256366,0.2146034505876489,-0.7854,-0.3927
8478971,Connor Ingram,EDM,1,-1,22.5,-12.99,2,0,0.08399944000000001,0.10976311603664773,0.1098,0.0549
8478971,Connor Ingram,EDM,1,0,22.5,12.99,2,0,0.037133726000000006,0.06471694707971887,0.0647,0.0323
8478971,Connor Ingram,EDM,1,1,22.5,38.97,1,0,0.29962662,0.20732850033646363,0.2073,0.2073
8478971,Connor Ingram,EDM,2,-2,45.0,-25.98,6,1,0.441541315,0.47492068887795197,-0.5251,-0.0875
8478971,Connor Ingram,EDM,2,-1,45.0,0.0,7,0,0.566477625,0.5427570690378503,0.5428,0.0775
8478971,Connor Ingram,EDM,2,0,45.0,25.98,3,0,0.32635887799999996,0.29711750654504787,0.2971,0.099
8478971,Connor Ingram,EDM,3,-3,67.5,-38.97,3,0,0.177859405,0.19957549542197026,0.1996,0.0665
8478971,Connor Ingram,EDM,3,-2,67.5,-12.99,13,0,1.630984884,1.4335246876438736,1.4335,0.1103
8478971,Connor Ingram,EDM,3,-1,67.5,12.99,16,1,1.944102036,1.7443297464451744,0.7443,0.0465
8478971,Connor Ingram,EDM,3,0,67.5,38.97,2,0,0.089937847,0.11491497373037876,0.1149,0.0574
8478971,Connor Ingram,EDM,4,-3,90.0,-25.98,3,1,0.160259557,0.18647543403138817,-0.8135,-0.2712
8478971,Connor Ingram,EDM,4,-2,90.0,0.0,17,4,2.36966966,2.0343151160858843,-1.9657,-0.1156
8478971,Connor Ingram,EDM,4,-1,90.0,25.98,5,0,0.64583623,0.5730684722161414,0.5731,0.1146
8479193,Casey DeSmith,DAL,1,-2,22.5,-38.97,1,0,0.028439084,0.042709813737650155,0.0427,0.0427
8479193,Casey DeSmith,DAL,1,-1,22.5,-12.99,1,0,0.06281991,0.07153574754242081,0.0715,0.0715
8479193,Casey DeSmith,DAL,2,-3,45.0,-51.96,1,0,0.018002871,0.03173067606051635,0.0317,0.0317
8479193,Casey DeSmith,DAL,2,-2,45.0,-25.98,3,0,0.114316482,0.14895249398587893,0.149,0.0497
8479193,Casey DeSmith,DAL,2,-1,45.0,0.0,6,0,0.416194104,0.45445042977413175,0.4545,0.0758
8479193,Casey DeSmith,DAL,2,0,45.0,25.98,3,0,0.14118087,0.17701729028241311,0.177,0.059
8479193,Casey DeSmith,DAL,2,1,45.0,51.96,1,0,0.021840662,0.03597757192252851,0.036,0.036
8479193,Casey DeSmith,DAL,3,-2,67.5,-12.99,7,0,0.908354017,0.7919600230921809,0.792,0.1131
8479193,Casey DeSmith,DAL,3,-1,67.5,12.99,6,0,0.64472993,0.6047922809918487,0.6048,0.1008
8479193,Casey DeSmith,DAL,4,-2,90.0,0.0,16,3,2.256367575,1.9381348706175006,-1.0619,-0.0664
8479193,Casey DeSmith,DAL,4,-1,90.0,25.98,2,0,0.170777485,0.17434002297677703,0.1743,0.0872
8479292,Charlie Lindgren,WSH,1,-1,22.5,-12.99,1,0,0.039874703,0.053201223474706974,0.0532,0.0532
8479292,Charlie Lindgren,WSH,1,0,22.5,12.99,2,0,0.06862146,0.09646994952427916,0.0965,0.0482
8479292,Charlie Lindgren,WSH,2,-2,45.0,-25.98,2,0,0.072669575,0.10013985447961422,0.1001,0.05
8479292,Charlie Lindgren,WSH,2,-1,45.0,0.0,3,1,0.21350524799999998,0.23136981884502075,-0.7686,-0.2562
8479292,Charlie Lindgren,WSH,2,0,45.0,25.98,1,0,0.03288573,0.04693775530795198,0.0469,0.0469
8479292,Charlie Lindgren,WSH,3,-2,67.5,-12.99,4,0,0.410262527,0.3801776405935666,0.3802,0.095
8479292,Charlie Lindgren,WSH,3,-1,67.5,12.99,5,0,0.685470486,0.582534931529793,0.5825,0.1165
8479292,Charlie Lindgren,WSH,3,0,67.5,38.97,2,0,0.08782675300000001,0.1113091200425073,0.1113,0.0556
8479292,Charlie Lindgren,WSH,4,-2,90.0,0.0,8,3,1.10213775,0.9581378193772064,-2.0419,-0.2552
8479292,Charlie Lindgren,WSH,4,-1,90.0,25.98,1,0,0.08308757,0.08591760136416741,0.0859,0.0859
8479312,Alex Lyon,BUF,1,-2,22.5,-38.97,1,0,0.019614685,0.0335497395260166,0.0335,0.0335
8479312,Alex Lyon,BUF,1,-1,22.5,-12.99,4,0,0.161658462,0.21408342807899516,0.2141,0.0535
8479312,Alex Lyon,BUF,2,-2,45.0,-25.98,6,0,0.30744574,0.3738665003308402,0.3739,0.0623
8479312,Alex Lyon,BUF,2,-1,45.0,0.0,13,0,0.988260921,1.019967219355047,1.02,0.0785
8479312,Alex Lyon,BUF,2,0,45.0,25.98,7,0,0.302856216,0.38659692396646544,0.3866,0.0552
8479312,Alex Lyon,BUF,2,1,45.0,51.96,1,0,0.02136346,0.03546472910589782,0.0355,0.0355
8479312,Alex Lyon,BUF,3,-3,67.5,-38.97,3,1,0.22436453,0.23828477357487654,-0.7617,-0.2539
8479312,Alex Lyon,BUF,3,-2,67.5,-12.99,18,1,1.845905707,1.715520850620028,0.7155,0.0398
8479312,Alex Lyon,BUF,3,-1,67.5,12.99,13,2,1.362708052,1.280544026833941,-0.7195,-0.0553
8479312,Alex Lyon,BUF,3,0,67.5,38.97,5,0,0.289413448,0.3288098806003824,0.3288,0.0658
8479312,Alex Lyon,BUF,4,-3,90.0,-25.98,2,0,0.12343453,0.13583885671285548,0.1358,0.0679
8479312,Alex Lyon,BUF,4,-2,90.0,0.0,20,1,2.432578484,2.1861944523476047,1.1862,0.0593
8479312,Alex Lyon,BUF,4,-1,90.0,25.98,2,0,0.04794195,0.0763080606961542,0.0763,0.0382
8479312,Alex Lyon,BUF,4,0,90.0,51.96,1,0,0.022487644,0.036666619731730674,0.0367,0.0367
8479361,Joseph Woll,TOR,0,-1,0.0,-25.98,1,0,0.012346104,0.02482570828422618,0.0248,0.0248
8479361,Joseph Woll,TOR,1,-1,22.5,-12.99,1,0,0.035807166,0.0496071140996047,0.0496,0.0496
8479361,Joseph Woll,TOR,2,-2,45.0,-25.98,5,0,0.26189771100000003,0.306694785595216,0.3067,0.0613
8479361,Joseph Woll,TOR,2,-1,45.0,0.0,5,0,0.193844204,0.2610615118954752,0.2611,0.0522
8479361,Joseph Woll,TOR,2,0,45.0,25.98,4,0,0.11333298,0.16955250651587533,0.1696,0.0424
8479361,Joseph Woll,TOR,3,-2,67.5,-12.99,21,5,2.223182166,2.0815375870836825,-2.9185,-0.139
8479361,Joseph Woll,TOR,3,-1,67.5,12.99,8,1,0.8464749617,0.7680776345844899,-0.2319,-0.029
8479361,Joseph Woll,TOR,3,0,67.5,38.97,6,0,0.453003143,0.4782795012385098,0.4783,0.0797
8479361,Joseph Woll,TOR,4,-3,90.0,-25.98,1,0,0.07352148,0.07929000394706318,0.0793,0.0793
8479361,Joseph Woll,TOR,4,-2,90.0,0.0,10,2,1.331294146,1.1468995154352022,-0.8531,-0.0853
8479361,Joseph Woll,TOR,4,-1,90.0,25.98,2,1,0.189170795,0.18449108094765254,-0.8155,-0.4078
8479394,Carter Hart,VGK,2,-2,45.0,-25.98,1,0,0.032078445,0.04618576430268372,0.0462,0.0462
8479394,Carter Hart,VGK,2,-1,45.0,0.0,3,0,0.18866333,0.21445186639691827,0.2145,0.0715
8479394,Carter Hart,VGK,2,0,45.0,25.98,1,0,0.028990755,0.04324629672636394,0.0432,0.0432
8479394,Carter Hart,VGK,3,-2,67.5,-12.99,1,0,0.16310532,0.13475577606119868,0.1348,0.1348
8479394,Carter Hart,VGK,3,-1,67.5,12.99,5,0,0.582657619,0.5369462198150815,0.5369,0.1074
8479394,Carter Hart,VGK,3,0,67.5,38.97,1,0,0.05861503,0.06837195320042048,0.0684,0.0684
8479394,Carter Hart,VGK,4,-2,90.0,0.0,2,0,0.35919425,0.287743714719757,0.2877,0.1438
8479394,Carter Hart,VGK,4,-1,90.0,25.98,1,0,0.0935983,0.09292919355454496,0.0929,0.0929
8479406,Filip Gustavsson,MIN,1,0,22.5,12.99,1,0,0.046103936,0.05846980786414987,0.0585,0.0585
8479406,Filip Gustavsson,MIN,2,-2,45.0,-25.98,6,0,0.42396783,0.4628452205347443,0.4628,0.0771
8479406,Filip Gustavsson,MIN,2,-1,45.0,0.0,9,0,0.530903629,0.6135051938534073,0.6135,0.0682
8479406,Filip Gustavsson,MIN,2,0,45.0,25.98,1,0,0.030437605,0.044636639765278235,0.0446,0.0446
8479406,Filip Gustavsson,MIN,3,-3,67.5,-38.97,2,0,0.083810419,0.10819323365420731,0.1082,0.0541
8479406,Filip Gustavsson,MIN,3,-2,67.5,-12.99,7,0,0.618750196,0.6110479032490005,0.611,0.0873
8479406,Filip Gustavsson,MIN,3,-1,67.5,12.99,8,0,0.854581959,0.7967301659795971,0.7967,0.0996
8479406,Filip Gustavsson,MIN,3,0,67.5,38.97,5,0,0.285309378,0.3247394987839491,0.3247,0.0649
8479406,Filip Gustavsson,MIN,4,-2,90.0,0.0,11,0,1.5494622,1.3370402552063374,1.337,0.1215
8479496,David Rittich,NYI,0,0,0.0,0.0,1,0,0.021530833,0.03564505791696751,0.0356,0.0356
8479496,David Rittich,NYI,1,-1,22.5,-12.99,2,0,0.10128624,0.1242549626753135,0.1243,0.0622
8479496,David Rittich,NYI,2,-2,45.0,-25.98,6,0,0.551782677,0.53543427650021,0.5354,0.0892
8479496,David Rittich,NYI,2,-1,45.0,0.0,14,1,0.85950014,0.9550547630686792,-0.0449,-0.0032
8479496,David Rittich,NYI,2,0,45.0,25.98,2,0,0.068576247,0.09645757366533975,0.0965,0.0482
8479496,David Rittich,NYI,3,-3,67.5,-38.97,3,0,0.077510652,0.12028924870728674,0.1203,0.0401
8479496,David Rittich,NYI,3,-2,67.5,-12.99,13,2,1.635776843,1.4339765492393108,-0.566,-0.0435
8479496,David Rittich,NYI,3,-1,67.5,12.99,11,0,1.5170866,1.3161240999690127,1.3161,0.1196
8479496,David Rittich,NYI,3,0,67.5,38.97,1,0,0.025452608,0.03973944170398237,0.0397,0.0397
8479496,David Rittich,NYI,4,-3,90.0,-25.98,1,0,0.10999535,0.10340980670109765,0.1034,0.1034
8479496,David Rittich,NYI,4,-2,90.0,0.0,13,1,1.9101112199999999,1.6131919426727883,0.6132,0.0472
8479496,David Rittich,NYI,4,-1,90.0,25.98,4,1,0.41505516,0.3973358965343624,-0.6027,-0.1507
8479548,Filip Larsson,,1,-2,22.5,-38.97,1,0,0.026570331,0.04086474532309647,0.0409,0.0409
8479973,Stuart Skinner,PIT,1,-1,22.5,-12.99,2,0,0.07266676999999999,0.09984772875491034,0.0998,0.0499
8479973,Stuart Skinner,PIT,1,0,22.5,12.99,1,0,0.040480975,0.05372584301713029,0.0537,0.0537
8479973,Stuart Skinner,PIT,2,-2,45.0,-25.98,7,0,0.454462451,0.5063797422520364,0.5064,0.0723
8479973,Stuart Skinner,PIT,2,-1,45.0,0.0,14,2,0.821807658,0.9415636531665332,-1.0584,-0.0756
8479973,Stuart Skinner,PIT,2,0,45.0,25.98,4,0,0.170503382,0.21876128754087582,0.2188,0.0547
8479973,Stuart Skinner,PIT,3,-3,67.5,-38.97,3,0,0.153075175,0.18244314497433786,0.1824,0.0608
8479973,Stuart Skinner,PIT,3,-2,67.5,-12.99,28,1,2.988121391,2.7884461521596355,1.7884,0.0639
8479973,Stuart Skinner,PIT,3,-1,67.5,12.99,15,2,1.531316894,1.4426706533272808,-0.5573,-0.0372
8479973,Stuart Skinner,PIT,3,0,67.5,38.97,6,0,0.281292867,0.34210126533862684,0.3421,0.057
8479973,Stuart Skinner,PIT,4,-2,90.0,0.0,32,5,4.732131709,3.973419038995593,-1.0266,-0.0321
8479973,Stuart Skinner,PIT,4,-1,90.0,25.98,6,0,0.63431354,0.5956950891278796,0.5957,0.0993
8479973,Stuart Skinner,PIT,4,0,90.0,51.96,1,0,0.01764291,0.03131669938694223,0.0313,0.0313
8479979,Jake Oettinger,DAL,1,-2,22.5,-38.97,1,0,0.011117257,0.023187304014813625,0.0232,0.0232
8479979,Jake Oettinger,DAL,1,-1,22.5,-12.99,4,0,0.199149109,0.24554185659889533,0.2455,0.0614
8479979,Jake Oettinger,DAL,1,0,22.5,12.99,1,0,0.029647196,0.04388003504004665,0.0439,0.0439
8479979,Jake Oettinger,DAL,2,-2,45.0,-25.98,2,0,0.196556866,0.191110540692334,0.1911,0.0956
8479979,Jake Oettinger,DAL,2,-1,45.0,0.0,8,0,0.671620977,0.6774213918326296,0.6774,0.0847
8479979,Jake Oettinger,DAL,2,0,45.0,25.98,3,0,0.117771783,0.15786737244816662,0.1579,0.0526
8479979,Jake Oettinger,DAL,3,-3,67.5,-38.97,1,0,0.083603054,0.08626766782592071,0.0863,0.0863
8479979,Jake Oettinger,DAL,3,-2,67.5,-12.99,21,1,2.186385954,2.0322025717016214,1.0322,0.0492
8479979,Jake Oettinger,DAL,3,-1,67.5,12.99,15,3,1.90881089,1.6870402588012292,-1.313,-0.0875
8479979,Jake Oettinger,DAL,3,0,67.5,38.97,4,1,0.216260162,0.25765375455887735,-0.7423,-0.1856
8479979,Jake Oettinger,DAL,4,-3,90.0,-25.98,3,0,0.137925876,0.17137284409114947,0.1714,0.0571
8479979,Jake Oettinger,DAL,4,-2,90.0,0.0,19,3,2.506690105,2.1953227621556883,-0.8047,-0.0424
8479979,Jake Oettinger,DAL,4,-1,90.0,25.98,4,0,0.475958075,0.4344773352666805,0.4345,0.1086
8480022,Michael DiPietro,BOS,3,0,67.5,38.97,1,0,0.020659765,0.03470105164091291,0.0347,0.0347
8480045,Ukko-Pekka Luukkonen,BUF,0,-1,0.0,-25.98,1,0,0.51038474,0.31998915868399513,0.32,0.32
8480045,Ukko-Pekka Luukkonen,BUF,1,-1,22.5,-12.99,2,0,0.103772115,0.12424649727963857,0.1242,0.0621
8480045,Ukko-Pekka Luukkonen,BUF,1,0,22.5,12.99,1,0,0.04452157,0.057155898316047206,0.0572,0.0572
8480045,Ukko-Pekka Luukkonen,BUF,2,-2,45.0,-25.98,7,0,0.343350696,0.41003681738966846,0.41,0.0586
8480045,Ukko-Pekka Luukkonen,BUF,2,-1,45.0,0.0,17,0,1.238524756,1.3033464365790013,1.3033,0.0767
8480045,Ukko-Pekka Luukkonen,BUF,2,0,45.0,25.98,7,0,0.277903223,0.36587456769328874,0.3659,0.0523
8480045,Ukko-Pekka Luukkonen,BUF,3,-3,67.5,-38.97,2,0,0.25822255,0.22749587081553269,0.2275,0.1138
8480045,Ukko-Pekka Luukkonen,BUF,3,-2,67.5,-12.99,19,1,2.388356307,2.1012776246013427,1.1013,0.058
8480045,Ukko-Pekka Luukkonen,BUF,3,-1,67.5,12.99,10,2,1.044903564,0.9513802634736621,-1.0486,-0.1049
8480045,Ukko-Pekka Luukkonen,BUF,3,0,67.5,38.97,5,0,0.325543269,0.3545096042056155,0.3545,0.0709
8480045,Ukko-Pekka Luukkonen,BUF,4,-2,90.0,0.0,36,5,5.410103076,4.540451306912529,-0.4595,-0.0128
8480045,Ukko-Pekka Luukkonen,BUF,4,-1,90.0,25.98,5,1,0.574572854,0.5250676320844089,-0.4749,-0.095
8480051,Cayden Primeau,CAR,2,-1,45.0,0.0,1,0,0.05421735,0.0649810245668636,0.065,0.065
8480051,Cayden Primeau,CAR,3,-2,67.5,-12.99,4,1,0.308858482,0.3094789202681556,-0.6905,-0.1726
8480051,Cayden Primeau,CAR,3,-1,67.5,12.99,2,0,0.35886373,0.28658532945908866,0.2866,0.1433
8480051,Cayden Primeau,CAR,3,0,67.5,38.97,1,0,0.048771266,0.060650349610711966,0.0607,0.0607
8480051,Cayden Primeau,CAR,4,-2,90.0,0.0,2,0,0.26697036,0.22875557290520382,0.2288,0.1144
8480193,Daniil Tarasov,FLA,0,1,0.0,25.98,1,0,0.022848906,0.03704833327467767,0.037,0.037
8480193,Daniil Tarasov,FLA,1,-1,22.5,-12.99,1,0,0.028931987,0.043189317333947014,0.0432,0.0432
8480193,Daniil Tarasov,FLA,1,0,22.5,12.99,1,0,0.055164333,0.0657187715203029,0.0657,0.0657
8480193,Daniil Tarasov,FLA,1,1,22.5,38.97,1,0,0.02427467,0.03853456701236989,0.0385,0.0385
8480193,Daniil Tarasov,FLA,2,-2,45.0,-25.98,4,0,0.155777852,0.204246153752977,0.2042,0.051
8480193,Daniil Tarasov,FLA,2,-1,45.0,0.0,8,0,0.7428931,0.7195861198866547,0.7196,0.09
8480193,Daniil Tarasov,FLA,2,0,45.0,25.98,1,0,0.03754851,0.05116220258131016,0.0512,0.0512
8480193,Daniil Tarasov,FLA,3,-3,67.5,-38.97,3,1,0.191970231,0.21171842662971924,-0.7883,-0.2628
8480193,Daniil Tarasov,FLA,3,-2,67.5,-12.99,10,2,1.278436011,1.119705483884058,-0.8803,-0.088
8480193,Daniil Tarasov,FLA,3,-1,67.5,12.99,5,0,0.75314059,0.6198808462194518,0.6199,0.124
8480193,Daniil Tarasov,FLA,3,0,67.5,38.97,5,0,0.210263461,0.2658927466046115,0.2659,0.0532
8480193,Daniil Tarasov,FLA,4,-3,90.0,-25.98,1,0,0.041185338,0.05433195541674605,0.0543,0.0543
8480193,Daniil Tarasov,FLA,4,-2,90.0,0.0,6,1,0.9246569,0.7688918779426697,-0.2311,-0.0385
8480193,Daniil Tarasov,FLA,4,-1,90.0,25.98,3,0,0.30480162,0.29075744124764785,0.2908,0.0969
8480280,Jeremy Swayman,BOS,0,-1,0.0,-25.98,1,0,0.043778468,0.056533368254575216,0.0565,0.0565
8480280,Jeremy Swayman,BOS,1,-2,22.5,-38.97,1,0,0.057834975,0.06777685178068053,0.0678,0.0678
8480280,Jeremy Swayman,BOS,1,-1,22.5,-12.99,3,0,0.126826654,0.1647948366311317,0.1648,0.0549
8480280,Jeremy Swayman,BOS,1,0,22.5,12.99,2,0,0.28424762600000003,0.2396235048801782,0.2396,0.1198
8480280,Jeremy Swayman,BOS,2,-3,45.0,-51.96,1,0,0.039866246,0.05319388726959396,0.0532,0.0532
8480280,Jeremy Swayman,BOS,2,-2,45.0,-25.98,7,0,0.47426956200000003,0.5200672173064544,0.5201,0.0743
8480280,Jeremy Swayman,BOS,2,-1,45.0,0.0,13,2,0.928632074,0.995079555572089,-1.0049,-0.0773
8480280,Jeremy Swayman,BOS,2,0,45.0,25.98,10,0,0.598447898,0.6873605923735611,0.6874,0.0687
8480280,Jeremy Swayman,BOS,3,-3,67.5,-38.97,1,0,0.031237049,0.04539494430638962,0.0454,0.0454
8480280,Jeremy Swayman,BOS,3,-2,67.5,-12.99,28,2,3.123053648,2.837409466751737,0.8374,0.0299
8480280,Jeremy Swayman,BOS,3,-1,67.5,12.99,20,2,2.190711362,1.9788304443721336,-0.0212,-0.0011
8480280,Jeremy Swayman,BOS,3,0,67.5,38.97,9,0,0.424330367,0.5217853685440645,0.5218,0.058
8480280,Jeremy Swayman,BOS,4,-2,90.0,0.0,44,8,6.414374888,5.424565330054409,-2.5754,-0.0585
8480280,Jeremy Swayman,BOS,4,-1,90.0,25.98,10,0,0.9650621509999999,0.9379937515385981,0.938,0.0938
8480313,Logan Thompson,WSH,0,0,0.0,0.0,1,0,0.09943595,0.09671873113182111,0.0967,0.0967
8480313,Logan Thompson,WSH,1,-1,22.5,-12.99,1,0,0.03450232,0.04842458929240588,0.0484,0.0484
8480313,Logan Thompson,WSH,1,0,22.5,12.99,1,0,0.05180971,0.06308552968307571,0.0631,0.0631
8480313,Logan Thompson,WSH,2,-2,45.0,-25.98,6,1,0.33045344,0.3868393579995042,-0.6132,-0.1022
8480313,Logan Thompson,WSH,2,-1,45.0,0.0,7,0,0.489663444,0.527006321518709,0.527,0.0753
8480313,Logan Thompson,WSH,2,0,45.0,25.98,6,0,0.187900647,0.2686173208249637,0.2686,0.0448
8480313,Logan Thompson,WSH,3,-3,67.5,-38.97,5,0,0.28249673,0.32097019530973936,0.321,0.0642
8480313,Logan Thompson,WSH,3,-2,67.5,-12.99,20,0,2.396535469,2.1238070391662793,2.1238,0.1062
8480313,Logan Thompson,WSH,3,-1,67.5,12.99,14,1,1.9079230090000001,1.6595507254477424,0.6596,0.0471
8480313,Logan Thompson,WSH,3,0,67.5,38.97,3,0,0.101776394,0.14324300323447695,0.1432,0.0477
8480313,Logan Thompson,WSH,4,-3,90.0,-25.98,1,0,0.0600634,0.06946996788704314,0.0695,0.0695
8480313,Logan Thompson,WSH,4,-2,90.0,0.0,18,2,2.82382049,2.3488300930990946,0.3488,0.0194
8480313,Logan Thompson,WSH,4,-1,90.0,25.98,4,1,0.46499958500000005,0.42857897876981144,-0.5714,-0.1428
8480382,Alexandar Georgiev,,3,-2,67.5,-12.99,3,0,0.57325065,0.45070514098637715,0.4507,0.1502
8480382,Alexandar Georgiev,,4,-3,90.0,-25.98,1,0,0.022325171,0.036494247579368755,0.0365,0.0365
8480382,Alexandar Georgiev,,4,-2,90.0,0.0,1,0,0.12693107,0.11376984340175804,0.1138,0.1138
8480481,Parker Gahagen,,2,-1,45.0,0.0,1,0,0.08065261,0.08425467835495477,0.0843,0.0843
8480481,Parker Gahagen,,2,0,45.0,25.98,1,0,0.030037979,0.04425497471232726,0.0443,0.0443
8480481,Parker Gahagen,,4,-2,90.0,0.0,1,1,0.1400336,0.12152695494586928,-0.8785,-0.8785
8480819,Jakub Skarek,SJS,2,-2,45.0,-25.98,1,0,0.030969135,0.04514158006107329,0.0451,0.0451
8480819,Jakub Skarek,SJS,3,-1,67.5,12.99,1,0,0.016844993,0.030388259642855183,0.0304,0.0304
8480843,Lukas Dostal,ANA,1,-1,22.5,-12.99,6,0,0.284072371,0.3540565924251027,0.3541,0.059
8480843,Lukas Dostal,ANA,2,-2,45.0,-25.98,2,0,0.094150855,0.11769780900711657,0.1177,0.0588
8480843,Lukas Dostal,ANA,2,-1,45.0,0.0,12,1,0.686201022,0.7664460429820041,-0.2336,-0.0195
8480843,Lukas Dostal,ANA,2,0,45.0,25.98,8,0,0.516071846,0.56513744292219,0.5651,0.0706
8480843,Lukas Dostal,ANA,3,-2,67.5,-12.99,25,7,2.903304592,2.576698110404985,-4.4233,-0.1769
8480843,Lukas Dostal,ANA,3,-1,67.5,12.99,26,3,2.98265104,2.6699810428906434,-0.33,-0.0127
8480843,Lukas Dostal,ANA,3,0,67.5,38.97,4,0,0.370606519,0.3584093066021754,0.3584,0.0896
8480843,Lukas Dostal,ANA,4,-3,90.0,-25.98,3,0,0.19289865,0.21424317128373171,0.2142,0.0714
8480843,Lukas Dostal,ANA,4,-2,90.0,0.0,27,4,3.60834246,3.1236070631621176,-0.8764,-0.0325
8480843,Lukas Dostal,ANA,4,-1,90.0,25.98,2,0,0.2819863,0.2428906154788532,0.2429,0.1214
8480947,Kevin Lankinen,VAN,1,1,22.5,38.97,1,0,0.010020045,0.021669517311625898,0.0217,0.0217
8480947,Kevin Lankinen,VAN,2,-2,45.0,-25.98,3,0,0.100204692,0.13611134459753416,0.1361,0.0454
8480947,Kevin Lankinen,VAN,2,0,45.0,25.98,1,0,0.045418102,0.05790225216090381,0.0579,0.0579
8480947,Kevin Lankinen,VAN,3,-3,67.5,-38.97,1,0,0.020802567,0.03485675815100275,0.0349,0.0349
8480947,Kevin Lankinen,VAN,3,-2,67.5,-12.99,10,1,1.302184398,1.1289477473748697,0.1289,0.0129
8480947,Kevin Lankinen,VAN,3,-1,67.5,12.99,10,2,1.38928318,1.1992066315870114,-0.8008,-0.0801
8480947,Kevin Lankinen,VAN,4,-3,90.0,-25.98,4,0,0.176158007,0.2227379821538289,0.2227,0.0557
8480947,Kevin Lankinen,VAN,4,-2,90.0,0.0,8,2,1.13189857,0.9700255714029165,-1.03,-0.1288
8480947,Kevin Lankinen,VAN,4,-1,90.0,25.98,2,1,0.103989534,0.1255105967673495,-0.8745,-0.4372
8480981,Joel Hofer,STL,0,-1,0.0,-25.98,1,0,0.024181312,0.03843820561791212,0.0384,0.0384
8480981,Joel Hofer,STL,1,-1,22.5,-12.99,3,0,0.429759341,0.33891057833731275,0.3389,0.113
8480981,Joel Hofer,STL,1,0,22.5,12.99,2,0,0.060232226,0.08860855424504234,0.0886,0.0443
8480981,Joel Hofer,STL,1,1,22.5,38.97,1,0,0.03475499,0.048654769836034194,0.0487,0.0487
8480981,Joel Hofer,STL,2,-3,45.0,-51.96,1,0,0.036864404,0.05055431232842667,0.0506,0.0506
8480981,Joel Hofer,STL,2,-2,45.0,-25.98,4,0,0.28031737500000004,0.29277917467157166,0.2928,0.0732
8480981,Joel Hofer,STL,2,-1,45.0,0.0,13,1,0.782620563,0.8883450954905436,-0.1117,-0.0086
8480981,Joel Hofer,STL,2,0,45.0,25.98,8,0,0.32339836099999997,0.4220868746396921,0.4221,0.0528
8480981,Joel Hofer,STL,3,-3,67.5,-38.97,2,0,0.148787862,0.14954471839359726,0.1495,0.0748
8480981,Joel Hofer,STL,3,-2,67.5,-12.99,28,2,2.697518318,2.513147287576176,0.5131,0.0183
8480981,Joel Hofer,STL,3,-1,67.5,12.99,19,0,2.266812514,2.0349621732953813,2.035,0.1071
8480981,Joel Hofer,STL,3,0,67.5,38.97,8,0,0.441865576,0.49857694715847267,0.4986,0.0623
8480981,Joel Hofer,STL,4,-2,90.0,0.0,23,3,3.343022914,2.8353649821518943,-0.1646,-0.0072
8480981,Joel Hofer,STL,4,-1,90.0,25.98,3,0,0.170501725,0.1876730234471894,0.1877,0.0626
8481020,Justus Annunen,NSH,1,-1,22.5,-12.99,4,0,0.5043462830000001,0.42638347006477906,0.4264,0.1066
8481020,Justus Annunen,NSH,1,1,22.5,38.97,1,0,0.23968482,0.17618048193551394,0.1762,0.1762
8481020,Justus Annunen,NSH,2,-2,45.0,-25.98,4,0,0.253375236,0.2827242601805106,0.2827,0.0707
8481020,Justus Annunen,NSH,2,-1,45.0,0.0,11,0,0.658947336,0.7533980196550453,0.7534,0.0685
8481020,Justus Annunen,NSH,2,0,45.0,25.98,6,0,0.28388057499999997,0.3514673858481891,0.3515,0.0586
8481020,Justus Annunen,NSH,3,-2,67.5,-12.99,16,1,1.908083349,1.688599708363519,0.6886,0.043
8481020,Justus Annunen,NSH,3,-1,67.5,12.99,8,0,1.234546717,0.9990164210430663,0.999,0.1249
8481020,Justus Annunen,NSH,3,0,67.5,38.97,3,1,0.186449853,0.2069468303055853,-0.7931,-0.2644
8481020,Justus Annunen,NSH,4,-3,90.0,-25.98,1,0,0.1064822,0.10120548963758148,0.1012,0.1012
8481020,Justus Annunen,NSH,4,-2,90.0,0.0,31,3,4.636342505,3.886321189422672,0.8863,0.0286
8481020,Justus Annunen,NSH,4,-1,90.0,25.98,2,0,0.255916066,0.22744682532445093,0.2274,0.1137
8481033,Akira Schmid,VGK,1,-1,22.5,-12.99,2,0,0.07353684299999999,0.10075416627752076,0.1008,0.0504
8481033,Akira Schmid,VGK,2,-2,45.0,-25.98,5,0,0.466076939,0.44722800426063897,0.4472,0.0894
8481033,Akira Schmid,VGK,2,-1,45.0,0.0,3,0,0.11475047999999999,0.15506819718888598,0.1551,0.0517
8481033,Akira Schmid,VGK,2,0,45.0,25.98,4,0,0.118820376,0.17470997218201692,0.1747,0.0437
8481033,Akira Schmid,VGK,3,-3,67.5,-38.97,4,0,0.233652509,0.2675093480283851,0.2675,0.0669
8481033,Akira Schmid,VGK,3,-2,67.5,-12.99,8,0,0.641130179,0.6551597206794916,0.6552,0.0819
8481033,Akira Schmid,VGK,3,-1,67.5,12.99,5,2,0.58887151,0.5343690208435735,-1.4656,-0.2931
8481033,Akira Schmid,VGK,3,0,67.5,38.97,4,0,0.23491503800000002,0.2633377938684095,0.2633,0.0658
8481033,Akira Schmid,VGK,4,-2,90.0,0.0,9,1,1.114151289,0.9991744096529677,-0.0008,-0.0001
8481033,Akira Schmid,VGK,4,-1,90.0,25.98,1,0,0.15576436,0.13059893168989647,0.1306,0.1306
8481035,Samuel Ersson,PHI,2,-2,45.0,-25.98,3,0,0.1576926,0.18868322668238627,0.1887,0.0629
8481035,Samuel Ersson,PHI,2,-1,45.0,0.0,6,1,0.543407108,0.5400361859041435,-0.46,-0.0767
8481035,Samuel Ersson,PHI,2,0,45.0,25.98,1,0,0.027074978,0.04136735710471476,0.0414,0.0414
8481035,Samuel Ersson,PHI,2,1,45.0,51.96,1,0,0.024799844,0.03907423019971035,0.0391,0.0391
8481035,Samuel Ersson,PHI,3,-3,67.5,-38.97,2,0,0.094372894,0.11418504822221795,0.1142,0.0571
8481035,Samuel Ersson,PHI,3,-2,67.5,-12.99,4,1,0.324011956,0.3379511343932837,-0.662,-0.1655
8481035,Samuel Ersson,PHI,3,-1,67.5,12.99,4,1,0.524016202,0.44176260922349175,-0.5582,-0.1396
8481035,Samuel Ersson,PHI,3,0,67.5,38.97,2,0,0.077230092,0.10038340933089324,0.1004,0.0502
8481035,Samuel Ersson,PHI,4,-2,90.0,0.0,7,1,0.808927891,0.7375195768380275,-0.2625,-0.0375
8481035,Samuel Ersson,PHI,4,-1,90.0,25.98,2,0,0.218281334,0.20423216810587028,0.2042,0.1021
8481519,Spencer Knight,CHI,0,0,0.0,0.0,1,0,0.012712596,0.025303035513829186,0.0253,0.0253
8481519,Spencer Knight,CHI,1,-1,22.5,-12.99,2,0,0.070923763,0.0983028031818145,0.0983,0.0492
8481519,Spencer Knight,CHI,2,-2,45.0,-25.98,6,0,0.248475423,0.32420488292639216,0.3242,0.054
8481519,Spencer Knight,CHI,2,-1,45.0,0.0,7,0,0.383370322,0.4503089008869326,0.4503,0.0643
8481519,Spencer Knight,CHI,2,0,45.0,25.98,3,0,0.130241744,0.167416907417295,0.1674,0.0558
8481519,Spencer Knight,CHI,3,-3,67.5,-38.97,3,0,0.237336267,0.2320221357472873,0.232,0.0773
8481519,Spencer Knight,CHI,3,-2,67.5,-12.99,12,1,1.56594898,1.3556144493120441,0.3556,0.0296
8481519,Spencer Knight,CHI,3,-1,67.5,12.99,14,2,1.152146756,1.170350772576825,-0.8296,-0.0593
8481519,Spencer Knight,CHI,3,0,67.5,38.97,5,1,0.187323385,0.2502729639806423,-0.7497,-0.1499
8481519,Spencer Knight,CHI,4,-3,90.0,-25.98,3,0,0.232181154,0.24458216370406305,0.2446,0.0815
8481519,Spencer Knight,CHI,4,-2,90.0,0.0,27,5,3.634579671,3.1562682776570985,-1.8437,-0.0683
8481519,Spencer Knight,CHI,4,-1,90.0,25.98,4,0,0.48948048,0.4403599446793871,0.4404,0.1101
8481529,Trent Miner,COL,1,-1,22.5,-12.99,1,0,0.05427125,0.06502313049163551,0.065,0.065
8481529,Trent Miner,COL,2,-2,45.0,-25.98,1,0,0.047411654,0.05954408466197776,0.0595,0.0595
8481529,Trent Miner,COL,2,-1,45.0,0.0,3,0,0.13340119,0.17081363724269538,0.1708,0.0569
8481529,Trent Miner,COL,2,0,45.0,25.98,1,0,0.032691073,0.046757025026784464,0.0468,0.0468
8481529,Trent Miner,COL,3,-2,67.5,-12.99,5,0,0.69101556,0.6000987260612352,0.6001,0.12
8481529,Trent Miner,COL,3,-1,67.5,12.99,2,1,0.20158319200000002,0.1941488285308126,-0.8059,-0.4029
8481529,Trent Miner,COL,3,0,67.5,38.97,1,0,0.04168589,0.054760519681604794,0.0548,0.0548
8481529,Trent Miner,COL,4,-2,90.0,0.0,1,0,0.13728902,0.11991844889221673,0.1199,0.1199
8481529,Trent Miner,COL,4,-1,90.0,25.98,1,0,0.14384659,0.1237482773532585,0.1237,0.1237
8481544,Mads Sogaard,OTT,4,-2,90.0,0.0,2,0,0.29214377999999996,0.2500664769676787,0.2501,0.125
8481551,Colten Ellis,BUF,1,-1,22.5,-12.99,2,0,0.28423201,0.2335029686947498,0.2335,0.1168
8481551,Colten Ellis,BUF,1,1,22.5,38.97,1,0,0.01885521,0.03269945383506198,0.0327,0.0327
8481551,Colten Ellis,BUF,2,-2,45.0,-25.98,3,0,0.18815027,0.21078151404105877,0.2108,0.0703
8481551,Colten Ellis,BUF,2,-1,45.0,0.0,7,0,0.338392256,0.42171985178939797,0.4217,0.0602
8481551,Colten Ellis,BUF,2,0,45.0,25.98,1,0,0.14293,0.12321568325441107,0.1232,0.1232
8481551,Colten Ellis,BUF,3,-3,67.5,-38.97,2,1,0.12999982599999999,0.13853351937855207,-0.8615,-0.4308
8481551,Colten Ellis,BUF,3,-2,67.5,-12.99,8,0,0.8673291519999999,0.8025188241643948,0.8025,0.1003
8481551,Colten Ellis,BUF,3,-1,67.5,12.99,5,0,0.410157526,0.4109192066939379,0.4109,0.0822
8481551,Colten Ellis,BUF,3,0,67.5,38.97,4,0,0.102280473,0.15663709060668096,0.1566,0.0392
8481551,Colten Ellis,BUF,4,-3,90.0,-25.98,2,0,0.095281426,0.11834964952037831,0.1183,0.0592
8481551,Colten Ellis,BUF,4,-2,90.0,0.0,12,1,1.6946076429999999,1.4527138162120405,0.4527,0.0377
8481551,Colten Ellis,BUF,4,-1,90.0,25.98,2,0,0.15718377,0.1650365807221788,0.165,0.0825
8481611,Pyotr Kochetkov,CAR,1,-1,22.5,-12.99,1,0,0.023196995,0.03741412460418716,0.0374,0.0374
8481611,Pyotr Kochetkov,CAR,2,-3,45.0,-51.96,1,0,0.020536106,0.034565911401457296,0.0346,0.0346
8481611,Pyotr Kochetkov,CAR,2,-2,45.0,-25.98,1,0,0.018019656,0.031749908070551926,0.0317,0.0317
8481611,Pyotr Kochetkov,CAR,3,-2,67.5,-12.99,6,2,0.87157202,0.7400945099148935,-1.2599,-0.21
8481611,Pyotr Kochetkov,CAR,3,-1,67.5,12.99,2,0,0.22891268999999997,0.21040940730687674,0.2104,0.1052
8481611,Pyotr Kochetkov,CAR,4,-3,90.0,-25.98,1,0,0.0934139,0.09280834245405,0.0928,0.0928
8481668,Arturs Silovs,PIT,1,-1,22.5,-12.99,8,0,0.473400832,0.5325809677578678,0.5326,0.0666
8481668,Arturs Silovs,PIT,1,0,22.5,12.99,1,0,0.056843653,0.06701669480033386,0.067,0.067
8481668,Arturs Silovs,PIT,1,1,22.5,38.97,1,0,0.03491041,0.04879606659226527,0.0488,0.0488
8481668,Arturs Silovs,PIT,2,-2,45.0,-25.98,7,1,0.398673581,0.44388387239066107,-0.5561,-0.0794
8481668,Arturs Silovs,PIT,2,-1,45.0,0.0,14,2,0.858447117,0.9715877040702241,-1.0284,-0.0735
8481668,Arturs Silovs,PIT,2,0,45.0,25.98,8,0,0.35125702999999997,0.4374893800645188,0.4375,0.0547
8481668,Arturs Silovs,PIT,3,-3,67.5,-38.97,3,0,0.251507267,0.2504946952900555,0.2505,0.0835
8481668,Arturs Silovs,PIT,3,-2,67.5,-12.99,25,1,3.065011903,2.674578677367995,1.6746,0.067
8481668,Arturs Silovs,PIT,3,-1,67.5,12.99,17,0,1.3668249749999999,1.3679338010211035,1.3679,0.0805
8481668,Arturs Silovs,PIT,3,0,67.5,38.97,4,1,0.199259941,0.24402172461231036,-0.756,-0.189
8481668,Arturs Silovs,PIT,4,-3,90.0,-25.98,2,0,0.103106589,0.1255049808723618,0.1255,0.0628
8481668,Arturs Silovs,PIT,4,-2,90.0,0.0,28,4,3.967151196,3.3852232157915125,-0.6148,-0.022
8481668,Arturs Silovs,PIT,4,-1,90.0,25.98,5,0,0.448903594,0.4486738729080804,0.4487,0.0897
8481692,Dustin Wolf,CGY,1,-1,22.5,-12.99,1,0,0.037960645,0.051526571889233284,0.0515,0.0515
8481692,Dustin Wolf,CGY,1,0,22.5,12.99,1,0,0.042947948,0.05583330210112408,0.0558,0.0558
8481692,Dustin Wolf,CGY,2,-2,45.0,-25.98,3,0,0.24322365699999998,0.24924322406575444,0.2492,0.0831
8481692,Dustin Wolf,CGY,2,-1,45.0,0.0,8,0,0.503146966,0.560182693675714,0.5602,0.07
8481692,Dustin Wolf,CGY,2,0,45.0,25.98,6,0,0.223899558,0.3019827898459554,0.302,0.0503
8481692,Dustin Wolf,CGY,3,-3,67.5,-38.97,3,0,0.069496257,0.11206588843589552,0.1121,0.0374
8481692,Dustin Wolf,CGY,3,-2,67.5,-12.99,12,1,1.249098317,1.1657427006952004,0.1657,0.0138
8481692,Dustin Wolf,CGY,3,-1,67.5,12.99,17,1,1.320613197,1.369679253519347,0.3697,0.0217
8481692,Dustin Wolf,CGY,3,0,67.5,38.97,2,0,0.137483921,0.14590990488088784,0.1459,0.073
8481692,Dustin Wolf,CGY,4,-3,90.0,-25.98,2,0,0.14966620400000002,0.16011706973773643,0.1601,0.08
8481692,Dustin Wolf,CGY,4,-2,90.0,0.0,17,2,2.443103829,2.0749242408302173,0.0749,0.0044
8481692,Dustin Wolf,CGY,4,-1,90.0,25.98,4,0,0.24302479,0.27737750264714955,0.2774,0.0694
8482076,Nico Daws,NJD,1,-2,22.5,-38.97,1,0,0.03797734,0.05154130370261325,0.0515,0.0515
8482076,Nico Daws,NJD,1,-1,22.5,-12.99,3,0,0.124475078,0.16352557059562603,0.1635,0.0545
8482076,Nico Daws,NJD,2,-1,45.0,0.0,2,0,0.131871546,0.14590906966993122,0.1459,0.073
8482076,Nico Daws,NJD,2,0,45.0,25.98,2,0,0.098119121,0.12118330349174235,0.1212,0.0606
8482076,Nico Daws,NJD,3,-2,67.5,-12.99,2,0,0.278235316,0.23888481875197098,0.2389,0.1194
8482076,Nico Daws,NJD,3,-1,67.5,12.99,1,0,0.16946223,0.13832071843265423,0.1383,0.1383
8482076,Nico Daws,NJD,4,-2,90.0,0.0,5,0,0.64864436,0.5690936431236219,0.5691,0.1138
8482123,Drew Commesso,CHI,3,-2,67.5,-12.99,1,0,0.18485157,0.14683326766581276,0.1468,0.1468
8482123,Drew Commesso,CHI,3,0,67.5,38.97,1,0,0.06992825,0.07673013435338472,0.0767,0.0767
8482123,Drew Commesso,CHI,4,-2,90.0,0.0,1,0,0.089546345,0.09025653892003342,0.0903,0.0903
8482137,Yaroslav Askarov,SJS,1,-2,22.5,-38.97,2,0,0.049481751000000004,0.07799905502094791,0.078,0.039
8482137,Yaroslav Askarov,SJS,1,-1,22.5,-12.99,4,0,0.128859944,0.18391678284202534,0.1839,0.046
8482137,Yaroslav Askarov,SJS,1,0,22.5,12.99,1,0,0.025236314,0.03951969390032077,0.0395,0.0395
8482137,Yaroslav Askarov,SJS,2,-2,45.0,-25.98,6,1,0.386454238,0.4103343690883057,-0.5897,-0.0983
8482137,Yaroslav Askarov,SJS,2,-1,45.0,0.0,14,0,1.16809753,1.14221108903604,1.1422,0.0816
8482137,Yaroslav Askarov,SJS,2,0,45.0,25.98,4,1,0.163784988,0.2142770749314944,-0.7857,-0.1964
8482137,Yaroslav Askarov,SJS,3,-3,67.5,-38.97,5,0,0.340817092,0.36419481541489174,0.3642,0.0728
8482137,Yaroslav Askarov,SJS,3,-2,67.5,-12.99,28,5,3.331795572,2.9949216294075525,-2.0051,-0.0716
8482137,Yaroslav Askarov,SJS,3,-1,67.5,12.99,9,1,1.22708833,1.0648684744038641,0.0649,0.0072
8482137,Yaroslav Askarov,SJS,3,0,67.5,38.97,5,0,0.225708356,0.2831772226902274,0.2832,0.0566
8482137,Yaroslav Askarov,SJS,4,-3,90.0,-25.98,3,0,0.195406247,0.21260242685799602,0.2126,0.0709
8482137,Yaroslav Askarov,SJS,4,-2,90.0,0.0,23,2,3.442740049,2.8868770318572614,0.8869,0.0386
8482137,Yaroslav Askarov,SJS,4,-1,90.0,25.98,2,0,0.16285090800000002,0.16267038962562846,0.1627,0.0814
8482193,Dylan Garand,NYR,1,-1,22.5,-12.99,1,0,0.05417026,0.0649442264090497,0.0649,0.0649
8482193,Dylan Garand,NYR,2,-2,45.0,-25.98,1,0,0.08798695,0.08921811121149738,0.0892,0.0892
8482193,Dylan Garand,NYR,2,-1,45.0,0.0,2,0,0.09755411,0.11997785992995283,0.12,0.06
8482193,Dylan Garand,NYR,3,-2,67.5,-12.99,2,1,0.39866719,0.3093401669574435,-0.6907,-0.3454
8482193,Dylan Garand,NYR,3,0,67.5,38.97,1,0,0.030947777,0.04512134905296365,0.0451,0.0451
8482193,Dylan Garand,NYR,4,-2,90.0,0.0,2,0,0.2698657,0.23688365881031914,0.2369,0.1184
8482221,Devon Levi,BUF,2,0,45.0,25.98,1,0,0.059242304,0.06884858730176992,0.0688,0.0688
8482221,Devon Levi,BUF,3,-3,67.5,-38.97,1,0,0.11326075,0.1054405006692792,0.1054,0.1054
8482221,Devon Levi,BUF,3,-1,67.5,12.99,1,0,0.17044893,0.1388713495946572,0.1389,0.1389
8482221,Devon Levi,BUF,4,-1,90.0,25.98,1,0,0.10294977,0.0989675369238947,0.099,0.099
8482411,Hunter Shepard,OTT,2,-1,45.0,0.0,1,0,0.070967965,0.07747512660189973,0.0775,0.0775
8482445,Devin Cooley,CGY,1,-1,22.5,-12.99,3,0,0.11256909,0.15306679754850808,0.1531,0.051
8482445,Devin Cooley,CGY,2,-2,45.0,-25.98,1,0,0.077165,0.08184490875231396,0.0818,0.0818
8482445,Devin Cooley,CGY,2,-1,45.0,0.0,3,1,0.255188005,0.2507136439248331,-0.7493,-0.2498
8482445,Devin Cooley,CGY,2,0,45.0,25.98,3,0,0.149186039,0.18062328919585552,0.1806,0.0602
8482445,Devin Cooley,CGY,3,-2,67.5,-12.99,8,0,0.737380278,0.6922362113917837,0.6922,0.0865
8482445,Devin Cooley,CGY,3,-1,67.5,12.99,6,0,0.501886724,0.48219422956054603,0.4822,0.0804
8482445,Devin Cooley,CGY,3,0,67.5,38.97,3,0,0.125398738,0.16293166650320906,0.1629,0.0543
8482445,Devin Cooley,CGY,4,-3,90.0,-25.98,1,0,0.016102625,0.02951041586240315,0.0295,0.0295
8482445,Devin Cooley,CGY,4,-2,90.0,0.0,14,4,1.992001881,1.7042679910210399,-2.2957,-0.164
8482445,Devin Cooley,CGY,4,-1,90.0,25.98,2,0,0.1497608,0.15888074652881304,0.1589,0.0795
8482447,Leevi Meriläinen,OTT,0,0,0.0,0.0,1,0,0.36378264,0.24052288732257163,0.2405,0.2405
8482447,Leevi Meriläinen,OTT,0,1,0.0,25.98,1,0,0.05392498,0.0647523811818224,0.0648,0.0648
8482447,Leevi Meriläinen,OTT,1,-1,22.5,-12.99,1,0,0.23716903,0.17485836740305083,0.1749,0.1749
8482447,Leevi Meriläinen,OTT,2,-2,45.0,-25.98,3,0,0.098302102,0.13894566080068127,0.1389,0.0463
8482447,Leevi Meriläinen,OTT,2,-1,45.0,0.0,4,2,0.325586406,0.33699417819547783,-1.663,-0.4158
8482447,Leevi Meriläinen,OTT,2,0,45.0,25.98,5,0,0.21356191600000002,0.27737166066721347,0.2774,0.0555
8482447,Leevi Meriläinen,OTT,2,1,45.0,51.96,1,0,0.016085409,0.029489890454045365,0.0295,0.0295
8482447,Leevi Meriläinen,OTT,3,-3,67.5,-38.97,3,0,0.191437533,0.20763906202079233,0.2076,0.0692
8482447,Leevi Meriläinen,OTT,3,-2,67.5,-12.99,9,1,1.261889595,1.0726141739247272,0.0726,0.0081
8482447,Leevi Meriläinen,OTT,3,-1,67.5,12.99,10,3,1.158233647,1.035010926735731,-1.965,-0.1965
8482447,Leevi Meriläinen,OTT,3,0,67.5,38.97,2,0,0.10052412000000001,0.12072089576502212,0.1207,0.0604
8482447,Leevi Meriläinen,OTT,4,-3,90.0,-25.98,3,0,0.242693982,0.24879839399497233,0.2488,0.0829
8482447,Leevi Meriläinen,OTT,4,-2,90.0,0.0,9,0,1.302666834,1.1115112433163992,1.1115,0.1235
8482447,Leevi Meriläinen,OTT,4,-1,90.0,25.98,5,1,0.486178352,0.46028322583544207,-0.5397,-0.1079
8482465,Rémi Poirier,DAL,3,-1,67.5,12.99,1,1,0.12280398,0.11128268470602809,-0.8887,-0.8887
8482477,Calle Clang,ANA,1,0,22.5,12.99,1,0,0.039698537,0.053048269707745455,0.053,0.053
8482477,Calle Clang,ANA,2,-1,45.0,0.0,1,0,0.03961865,0.05297883145880252,0.053,0.053
8482477,Calle Clang,ANA,3,-2,67.5,-12.99,1,0,0.05302622,0.0640468927706942,0.064,0.064
8482477,Calle Clang,ANA,4,-1,90.0,25.98,1,0,0.028044248,0.042323609209076546,0.0423,0.0423
8482487,Jakub Dobes,MTL,1,-1,22.5,-12.99,1,0,0.053102534,0.06410695119552853,0.0641,0.0641
8482487,Jakub Dobes,MTL,2,-2,45.0,-25.98,5,0,0.32805213099999997,0.3630555975248931,0.3631,0.0726
8482487,Jakub Dobes,MTL,2,-1,45.0,0.0,3,0,0.300564824,0.29101780395563687,0.291,0.097
8482487,Jakub Dobes,MTL,2,0,45.0,25.98,2,0,0.082308617,0.10857946770310338,0.1086,0.0543
8482487,Jakub Dobes,MTL,3,-2,67.5,-12.99,8,0,0.877738256,0.7858169352161287,0.7858,0.0982
8482487,Jakub Dobes,MTL,3,-1,67.5,12.99,6,1,0.67264382,0.6211498581154622,-0.3789,-0.0632
8482487,Jakub Dobes,MTL,3,0,67.5,38.97,2,0,0.128948375,0.14551752978097315,0.1455,0.0728
8482487,Jakub Dobes,MTL,4,-2,90.0,0.0,7,0,0.989542304,0.8490810955966721,0.8491,0.1213
8482487,Jakub Dobes,MTL,4,-1,90.0,25.98,4,0,0.389171143,0.35684865764728313,0.3568,0.0892
8482501,Amir Miftakhov,CAR,2,-1,45.0,0.0,1,0,0.089321956,0.0901074606062045,0.0901,0.0901
8482501,Amir Miftakhov,CAR,3,0,67.5,38.97,1,0,0.03466283,0.04857088073576264,0.0486,0.0486
8482501,Amir Miftakhov,CAR,4,-2,90.0,0.0,2,0,0.2071504,0.19832492366694798,0.1983,0.0992
8482657,Sebastian Cossa,DET,2,-2,45.0,-25.98,1,0,0.02049903,0.03452533739705925,0.0345,0.0345
8482657,Sebastian Cossa,DET,2,0,45.0,25.98,1,1,0.08824391,0.08938961429811085,-0.9106,-0.9106
8482661,Jesper Wallstedt,MIN,1,-1,22.5,-12.99,1,0,0.035397362,0.049237362480577085,0.0492,0.0492
8482661,Jesper Wallstedt,MIN,2,-1,45.0,0.0,13,1,0.933037216,0.9952390747742202,-0.0048,-0.0004
8482661,Jesper Wallstedt,MIN,2,0,45.0,25.98,3,0,0.164033343,0.19397558656788938,0.194,0.0647
8482661,Jesper Wallstedt,MIN,3,-2,67.5,-12.99,14,0,1.70622993,1.502494312342448,1.5025,0.1073
8482661,Jesper Wallstedt,MIN,3,-1,67.5,12.99,14,1,1.700278292,1.5110915655597772,0.5111,0.0365
8482661,Jesper Wallstedt,MIN,3,0,67.5,38.97,4,0,0.358963135,0.360082902874095,0.3601,0.09
8482661,Jesper Wallstedt,MIN,4,-3,90.0,-25.98,3,0,0.31700219,0.2898207958397923,0.2898,0.0966
8482661,Jesper Wallstedt,MIN,4,-2,90.0,0.0,11,3,1.461325107,1.2777478192846148,-1.7223,-0.1566
8482661,Jesper Wallstedt,MIN,4,-1,90.0,25.98,2,0,0.27866031,0.24134104584638516,0.2413,0.1206
8482761,Carl Lindbom,VGK,1,0,22.5,12.99,1,0,0.04040235,0.053657960574488774,0.0537,0.0537
8482761,Carl Lindbom,VGK,2,-1,45.0,0.0,3,0,0.23606602,0.2441786018599054,0.2442,0.0814
8482761,Carl Lindbom,VGK,2,0,45.0,25.98,1,0,0.022341762,0.036511869111755156,0.0365,0.0365
8482761,Carl Lindbom,VGK,3,-2,67.5,-12.99,3,1,0.420340371,0.35881612414089537,-0.6412,-0.2137
8482761,Carl Lindbom,VGK,3,-1,67.5,12.99,1,0,0.022589838,0.03677481703170519,0.0368,0.0368
8482761,Carl Lindbom,VGK,4,-3,90.0,-25.98,1,0,0.07013137,0.07687595731535912,0.0769,0.0769
8482761,Carl Lindbom,VGK,4,-2,90.0,0.0,5,0,0.685299925,0.5962215665268931,0.5962,0.1192
8482783,Aleksei Kolosov,PHI,3,-3,67.5,-38.97,1,0,0.13188419,0.11672607128112397,0.1167,0.1167
8482783,Aleksei Kolosov,PHI,3,-2,67.5,-12.99,2,0,0.192603932,0.1854598434546943,0.1855,0.0928
8482821,Arvid Soderblom,CHI,1,-1,22.5,-12.99,1,0,0.03430149,0.04824121894649931,0.0482,0.0482
8482821,Arvid Soderblom,CHI,2,-1,45.0,0.0,1,0,0.12098031,0.11017637168600926,0.1102,0.1102
8482821,Arvid Soderblom,CHI,3,-3,67.5,-38.97,2,0,0.08107922199999999,0.10548159171902605,0.1055,0.0528
8482821,Arvid Soderblom,CHI,3,-2,67.5,-12.99,3,0,0.394345054,0.3469130859851117,0.3469,0.1156
8482821,Arvid Soderblom,CHI,3,-1,67.5,12.99,3,1,0.202711105,0.22428317591489183,-0.7757,-0.2586
8482821,Arvid Soderblom,CHI,4,-3,90.0,-25.98,1,0,0.030556703,0.044750045712011445,0.0448,0.0448
8482821,Arvid Soderblom,CHI,4,-2,90.0,0.0,5,2,0.75708669,0.6384919831223976,-1.3615,-0.2723
8482821,Arvid Soderblom,CHI,4,-1,90.0,25.98,1,0,0.12209564,0.11085351979697672,0.1109,0.1109
8482869,Talyn Boyko,NYR,1,-1,22.5,-12.99,1,0,0.03238743,0.04647435614819528,0.0465,0.0465
8482869,Talyn Boyko,NYR,1,0,22.5,12.99,1,0,0.023954036,0.03820306999867137,0.0382,0.0382
8482869,Talyn Boyko,NYR,2,-2,45.0,-25.98,1,0,0.09083775,0.0911122947812802,0.0911,0.0911
8482869,Talyn Boyko,NYR,3,-2,67.5,-12.99,1,0,0.19957203,0.15484240151344686,0.1548,0.1548
8482869,Talyn Boyko,NYR,3,-1,67.5,12.99,2,0,0.31422883,0.26118838493152086,0.2612,0.1306
8482869,Talyn Boyko,NYR,3,0,67.5,38.97,1,0,0.018357286,0.03213543106571617,0.0321,0.0321
8482869,Talyn Boyko,NYR,4,-2,90.0,0.0,1,0,0.2459651,0.17947364334468646,0.1795,0.1795
8482982,Jet Greaves,CBJ,1,-2,22.5,-38.97,2,0,0.199717374,0.1894318460866541,0.1894,0.0947
8482982,Jet Greaves,CBJ,1,-1,22.5,-12.99,4,0,0.234017297,0.27087558145974433,0.2709,0.0677
8482982,Jet Greaves,CBJ,1,1,22.5,38.97,3,0,1.11842943,0.7380669952620604,0.7381,0.246
8482982,Jet Greaves,CBJ,2,-2,45.0,-25.98,8,0,0.522773822,0.5826587749002661,0.5827,0.0728
8482982,Jet Greaves,CBJ,2,-1,45.0,0.0,14,2,1.238657222,1.200663868669157,-0.7993,-0.0571
8482982,Jet Greaves,CBJ,2,0,45.0,25.98,10,1,0.487128636,0.5878829870675327,-0.4121,-0.0412
8482982,Jet Greaves,CBJ,3,-3,67.5,-38.97,3,1,0.111919735,0.15018067852006603,-0.8498,-0.2833
8482982,Jet Greaves,CBJ,3,-2,67.5,-12.99,36,6,5.013345417,4.243490574511781,-1.7565,-0.0488
8482982,Jet Greaves,CBJ,3,-1,67.5,12.99,13,4,1.5577588895,1.3466021287183427,-2.6534,-0.2041
8482982,Jet Greaves,CBJ,3,0,67.5,38.97,5,0,0.45975699400000003,0.4532161510230728,0.4532,0.0906
8482982,Jet Greaves,CBJ,4,-3,90.0,-25.98,4,0,0.339493113,0.3413554551868415,0.3414,0.0854
8482982,Jet Greaves,CBJ,4,-2,90.0,0.0,40,4,6.045128331,5.042548986687647,1.0425,0.0261
8482982,Jet Greaves,CBJ,4,-1,90.0,25.98,7,1,0.7509143739999999,0.7027191598674211,-0.2973,-0.0425
8483114,Thomas Milic,WPG,2,-2,45.0,-25.98,1,0,0.043076497,0.055941961584815646,0.0559,0.0559
8483114,Thomas Milic,WPG,4,-3,90.0,-25.98,1,0,0.018461816,0.03225428026538246,0.0323,0.0323
8483114,Thomas Milic,WPG,4,-1,90.0,25.98,1,0,0.118614756,0.10873440146876831,0.1087,0.1087
8483532,Clay Stevenson,WSH,2,-1,45.0,0.0,1,0,0.10187259,0.0982806138664075,0.0983,0.0983
8483532,Clay Stevenson,WSH,3,-2,67.5,-12.99,2,0,0.18399439,0.1836567960217072,0.1837,0.0918
8483532,Clay Stevenson,WSH,3,-1,67.5,12.99,1,0,0.12739822,0.11404996572144517,0.114,0.114
8483534,Ryan Fanti,TBL,1,0,22.5,12.99,1,0,0.03396537,0.04793348028836347,0.0479,0.0479
8483534,Ryan Fanti,TBL,2,-2,45.0,-25.98,1,0,0.26993614,0.19196500415731427,0.192,0.192
8483534,Ryan Fanti,TBL,2,-1,45.0,0.0,1,0,0.08301634,0.08586917546577326,0.0859,0.0859
8483534,Ryan Fanti,TBL,2,0,45.0,25.98,2,0,0.265942811,0.21640460475682877,0.2164,0.1082
8483534,Ryan Fanti,TBL,3,-2,67.5,-12.99,3,0,0.370471985,0.3286266465568355,0.3286,0.1095
8483534,Ryan Fanti,TBL,3,-1,67.5,12.99,1,0,0.15650605,0.13102097606551602,0.131,0.131
8483548,Brandon Bussi,CAR,1,-1,22.5,-12.99,3,0,0.10336678399999999,0.14461351309538698,0.1446,0.0482
8483548,Brandon Bussi,CAR,1,1,22.5,38.97,1,0,0.018467853,0.03226113744133067,0.0323,0.0323
8483548,Brandon Bussi,CAR,2,-1,45.0,0.0,2,0,0.085589577,0.11120038224466311,0.1112,0.0556
8483548,Brandon Bussi,CAR,2,0,45.0,25.98,1,0,0.017179359,0.030779169606911697,0.0308,0.0308
8483548,Brandon Bussi,CAR,2,1,45.0,51.96,1,0,0.017309574,0.030930677183272894,0.0309,0.0309
8483548,Brandon Bussi,CAR,3,-2,67.5,-12.99,8,2,0.9555323499999999,0.8572370462726362,-1.1428,-0.1428
8483548,Brandon Bussi,CAR,3,-1,67.5,12.99,7,0,0.766095842,0.6997500169478188,0.6998,0.1
8483548,Brandon Bussi,CAR,3,0,67.5,38.97,1,0,0.068852805,0.07595574601991524,0.076,0.076
8483548,Brandon Bussi,CAR,4,-3,90.0,-25.98,1,0,0.027777351,0.0420614684427475,0.0421,0.0421
8483548,Brandon Bussi,CAR,4,-2,90.0,0.0,9,0,1.233425421,1.0685832949216096,1.0686,0.1187
8483548,Brandon Bussi,CAR,4,-1,90.0,25.98,1,0,0.17256705,0.14005101363405023,0.1401,0.1401
8483575,Matt Murray,NSH,2,-1,45.0,0.0,1,0,0.042563807,0.055507932929490744,0.0555,0.0555
8483575,Matt Murray,NSH,3,-2,67.5,-12.99,1,0,0.1748837,0.14133764359197187,0.1413,0.1413
8483575,Matt Murray,NSH,3,0,67.5,38.97,1,0,0.08995155,0.0905254564549998,0.0905,0.0905
8483668,Nikke Kokko,SEA,2,0,45.0,25.98,1,0,0.06699215,0.0746065802374677,0.0746,0.0746
8483668,Nikke Kokko,SEA,3,-3,67.5,-38.97,1,0,0.044728074,0.05732826239770232,0.0573,0.0573
8483668,Nikke Kokko,SEA,3,-2,67.5,-12.99,4,0,0.5830946969999999,0.4902705567193214,0.4903,0.1226
8483668,Nikke Kokko,SEA,3,-1,67.5,12.99,2,0,0.177612684,0.17890874476221874,0.1789,0.0894
8483668,Nikke Kokko,SEA,4,-2,90.0,0.0,1,0,0.1490743,0.1267698382243285,0.1268,0.1268
8483703,Sergei Murashov,PIT,1,-1,22.5,-12.99,2,0,0.057762419,0.08615959125370519,0.0862,0.0431
8483703,Sergei Murashov,PIT,1,0,22.5,12.99,2,0,0.082251482,0.1081973943836737,0.1082,0.0541
8483703,Sergei Murashov,PIT,2,-2,45.0,-25.98,2,0,0.110460885,0.13141397554248024,0.1314,0.0657
8483703,Sergei Murashov,PIT,2,-1,45.0,0.0,2,0,0.12156963300000001,0.13879524683972128,0.1388,0.0694
8483703,Sergei Murashov,PIT,2,0,45.0,25.98,3,0,0.152225948,0.18380905306107648,0.1838,0.0613
8483703,Sergei Murashov,PIT,3,-2,67.5,-12.99,7,1,0.955330149,0.810025010983303,-0.19,-0.0271
8483703,Sergei Murashov,PIT,3,-1,67.5,12.99,1,0,0.05334934,0.06430098798182464,0.0643,0.0643
8483703,Sergei Murashov,PIT,4,-2,90.0,0.0,5,0,0.48786839,0.4755112512261144,0.4755,0.0951
8483703,Sergei Murashov,PIT,4,-1,90.0,25.98,1,1,0.024819167,0.03909400950466124,-0.9609,-0.9609
8483710,Dennis Hildeby,TOR,2,-2,45.0,-25.98,2,0,0.10027977099999999,0.12330169385974137,0.1233,0.0616
8483710,Dennis Hildeby,TOR,2,-1,45.0,0.0,5,0,0.297403319,0.3405210153465229,0.3405,0.0681
8483710,Dennis Hildeby,TOR,2,0,45.0,25.98,1,0,0.024215845,0.038473864889465026,0.0385,0.0385
8483710,Dennis Hildeby,TOR,3,-2,67.5,-12.99,7,0,0.6031199239999999,0.608498637406977,0.6085,0.0869
8483710,Dennis Hildeby,TOR,3,-1,67.5,12.99,2,0,0.35334558,0.2838152604662571,0.2838,0.1419
8483710,Dennis Hildeby,TOR,4,-3,90.0,-25.98,1,0,0.051223185,0.0626193034219191,0.0626,0.0626
8483710,Dennis Hildeby,TOR,4,-2,90.0,0.0,9,1,1.4741503699999998,1.205070901909447,0.2051,0.0228
8483710,Dennis Hildeby,TOR,4,-1,90.0,25.98,1,0,0.053525444,0.06443925497907092,0.0644,0.0644
8483746,Vyacheslav Buteyets,ANA,4,-2,90.0,0.0,1,1,0.1851885,0.1470179439221466,-0.853,-0.853
8484170,Jacob Fowler,MTL,0,-2,0.0,-51.96,1,0,0.011058651,0.023107611239945747,0.0231,0.0231
8484170,Jacob Fowler,MTL,2,-1,45.0,0.0,4,0,0.317733426,0.332983582609065,0.333,0.0832
8484170,Jacob Fowler,MTL,2,0,45.0,25.98,1,0,0.05314446,0.06413993460391822,0.0641,0.0641
8484170,Jacob Fowler,MTL,3,-2,67.5,-12.99,4,0,0.51158876,0.4531499816552666,0.4531,0.1133
8484170,Jacob Fowler,MTL,3,-1,67.5,12.99,3,1,0.51660427,0.4194611846799158,-0.5805,-0.1935
8484170,Jacob Fowler,MTL,3,0,67.5,38.97,1,0,0.07087907,0.07741156961382008,0.0774,0.0774
8484170,Jacob Fowler,MTL,4,-3,90.0,-25.98,1,0,0.050470926,0.06201868401429257,0.062,0.062
8484170,Jacob Fowler,MTL,4,-2,90.0,0.0,3,0,0.49213693000000003,0.4052786502346631,0.4053,0.1351
8484268,Nikita Tolopilo,VAN,1,0,22.5,12.99,1,0,0.044368614,0.0570280521448693,0.057,0.057
8484268,Nikita Tolopilo,VAN,2,-2,45.0,-25.98,3,0,0.19101898,0.2118815154658451,0.2119,0.0706
8484268,Nikita Tolopilo,VAN,2,-1,45.0,0.0,6,0,0.36227861,0.41527025091994124,0.4153,0.0692
8484268,Nikita Tolopilo,VAN,2,0,45.0,25.98,1,0,0.023680815,0.03791935958187032,0.0379,0.0379
8484268,Nikita Tolopilo,VAN,3,-3,67.5,-38.97,2,0,0.14439532800000002,0.14643829749561454,0.1464,0.0732
8484268,Nikita Tolopilo,VAN,3,-2,67.5,-12.99,4,0,0.583882096,0.49634469865382336,0.4963,0.1241
8484268,Nikita Tolopilo,VAN,3,-1,67.5,12.99,5,1,0.58394446,0.5351909153271935,-0.4648,-0.093
8484268,Nikita Tolopilo,VAN,3,0,67.5,38.97,2,0,0.12812144,0.14115929295944274,0.1412,0.0706
8484268,Nikita Tolopilo,VAN,4,-3,90.0,-25.98,1,0,0.0887667,0.08973806413526428,0.0897,0.0897
8484268,Nikita Tolopilo,VAN,4,-2,90.0,0.0,11,2,2.0318937,1.5932859289735728,-0.4067,-0.037
8484268,Nikita Tolopilo,VAN,4,-1,90.0,25.98,1,0,0.10932573,0.10299124908357225,0.103,0.103
8484312,Georgi Romanov,STL,2,-2,45.0,-25.98,1,1,0.0949628,0.09382121439264807,-0.9062,-0.9062
8484312,Georgi Romanov,STL,3,-2,67.5,-12.99,1,0,0.052769184,0.06384439217146771,0.0638,0.0638
8484312,Georgi Romanov,STL,3,-1,67.5,12.99,1,0,0.13063025,0.11598052350906826,0.116,0.116
8484636,Harrison Meneghin,TBL,1,-1,22.5,-12.99,1,0,0.056223366,0.06653879910001743,0.0665,0.0665
8484636,Harrison Meneghin,TBL,2,0,45.0,25.98,2,0,0.118774192,0.13636789012215295,0.1364,0.0682
8484636,Harrison Meneghin,TBL,3,-2,67.5,-12.99,2,0,0.34164725,0.27815174941765286,0.2782,0.1391
8484636,Harrison Meneghin,TBL,4,-2,90.0,0.0,3,1,0.494105005,0.4039570479519554,-0.596,-0.1987
8485545,Michal Postava,DET,3,-1,67.5,12.99,1,0,0.061950024,0.07088713899841273,0.0709,0.0709
8485545,Michal Postava,DET,4,-1,90.0,25.98,1,0,0.06298516,0.07165862618279416,0.0717,0.0717
8485657,Caleb Heil,TBL,2,-1,45.0,0.0,1,0,0.04338882,0.056205496528037475,0.0562,0.0562
